iteration,distance,ee_x,ee_y,ee_z,target_x,target_y,target_z,error_x,error_y,error_z,qpos_0,qpos_1,qpos_2,qpos_3,qpos_4,qpos_5,qpos_6,qpos_7,qpos_8,qpos_9
0,0.843469027291459,0.08799999999999993,0.0,0.926,0.5,0.0,0.19,0.4120000000000001,0.0,-0.736,0.0,0.0,0.0,0.0,0.0,0.0,0.0,0.0,0.0,0.5
1,0.8239489138398475,0.12171788479256213,0.0,0.9219798179813778,0.5,0.0,0.19,0.3782821152074379,0.0,-0.7319798179813779,0.0,0.024726719999999997,0.0,-0.0698,0.0,-0.0016547199999999993,0.0,0.0,0.0,0.5
2,0.8128255649041434,0.13903714147621765,0.0,0.9182796260558712,0.5,0.0,0.19,0.36096285852378235,0.0,-0.7282796260558713,0.0,0.04967836532128202,0.0,-0.07996622700630854,0.0,-0.0027034454413976915,0.0,0.0,0.0,0.5
3,0.8014791221400271,0.1563250313406866,0.0,0.9140554530858589,0.5,0.0,0.19,0.3436749686593134,0.0,-0.724055453085859,0.0,0.07468013526200479,0.0,-0.09025745334263957,0.0,-0.00356487587034677,0.0,0.0,0.0,0.5
4,0.7899190211710353,0.17354921305217036,0.0,0.9093065714345652,0.5,0.0,0.19,0.32645078694782964,0.0,-0.7193065714345652,0.0,0.0997107117439766,0.0,-0.1006622484924922,0.0,-0.004244651087478329,0.0,0.0,0.0,0.5
5,0.7781557955014948,0.1906770081935122,0.0,0.904034823249152,0.5,0.0,0.19,0.3093229918064878,0.0,-0.714034823249152,0.0,0.12474837759867602,0.0,-0.11116872131805967,0.0,-0.004748714131176878,0.0,0.0,0.0,0.5
6,0.7662010352205244,0.2076756605938451,0.0,0.8982446660326914,0.5,0.0,0.19,0.2923243394061549,0.0,-0.7082446660326913,0.0,0.14977111550237587,0.0,-0.12176457832197814,0.0,-0.005083289115651888,0.0,0.0,0.0,0.5
7,0.7540673334148805,0.22451260289274633,0.0,0.891943186702812,0.5,0.0,0.19,0.2754873971072537,0.0,-0.7019431867028121,0.0,0.17475671170087712,0.0,-0.13243718666005194,0.0,-0.005254856632474577,0.0,0.0,0.0,0.5
8,0.7417682207588799,0.24115572584845713,0.0,0.8851400830528731,0.5,0.0,0.19,0.2588442741515429,0.0,-0.6951400830528731,0.0,0.1996828633460826,0.0,-0.14317364116483827,0.0,-0.005270126949547061,0.0,0.0,0.0,0.5
9,0.7293180890089176,0.2575736457164175,0.0,0.8778476122691641,0.5,0.0,0.19,0.2424263542835825,0.0,-0.6878476122691641,0.0,0.22452728817190387,0.0,-0.15396083454933565,0.0,-0.005136011284392342,0.0,0.0,0.0,0.5
10,0.7167321043769953,0.27373596497788355,0.0,0.870080506925604,0.5,0.0,0.19,0.22626403502211645,0.0,-0.680080506925604,0.0,0.24926783516966625,0.0,-0.1647855298875831,0.0,-0.004859591466234383,0.0,0.0,0.0,0.5
11,0.7040261119833436,0.2896135217939736,0.0,0.861855859647327,0.5,0.0,0.19,0.2103864782060264,0.0,-0.671855859647327,0.0,0.2738825948860374,0.0,-0.1756344344174324,0.0,-0.00444808833234101,0.0,0.0,0.0,0.5
12,0.6912165327844833,0.30517862379692884,0.0,0.8531929783772925,0.5,0.0,0.19,0.19482137620307116,0.0,-0.6631929783772925,0.0,0.29835000796125355,0.0,-0.18649427368204535,0.0,-0.003908829227509189,0.0,0.0,0.0,0.5
13,0.6783202545328175,0.3204052621998932,0.0,0.8441132148672562,0.5,0.0,0.19,0.17959473780010682,0.0,-0.6541132148672562,0.0,0.3226489705525821,0.0,-0.19735186502186972,0.0,-0.003249214990632145,0.0,0.0,0.0,0.5
14,0.665354518441589,0.3352693026952128,0.0,0.834639769620303,0.5,0.0,0.19,0.16473069730478718,0.0,-0.644639769620303,0.0,0.34675893534683916,0.0,-0.20819418944811535,0.0,-0.0024766868185545424,0.0,0.0,0.0,0.5
15,0.6523368033008372,0.3497486501997656,0.0,0.8247974770144906,0.5,0.0,0.19,0.1502513498002344,0.0,-0.6347974770144906,0.0,0.37066000695448453,0.0,-0.21900846097131108,0.0,-0.0015986933947768223,0.0,0.0,0.0,0.5
16,0.6392847088141758,0.36382338517053125,0.0,0.8146125747190909,0.5,0.0,0.19,0.13617661482946875,0.0,-0.6246125747190909,0.0,0.39433303059334945,0.0,-0.22978219252270507,0.0,-0.0006226586592213798,0.0,0.0,0.0,0.5
17,0.6262158399027884,0.37747586992793986,0.0,0.8041124617651392,0.5,0.0,0.19,0.12252413007206014,0.0,-0.6141124617651392,0.0,0.41775967310846396,0.0,-0.240503257689618,0.0,0.0004440494242551566,0.0,0.0,0.0,0.5
18,0.6131476936543128,0.39069082416053547,0.0,0.7933254497457406,0.5,0.0,0.19,0.10930917583946453,0.0,-0.6033254497457405,0.0,0.4409224955310452,0.0,-0.25115994758524396,0.0,0.0015941487728223216,0.0,0.0,0.0,0.5
19,0.6000975504840382,0.40345536951436145,0.0,0.782280511600149,0.5,0.0,0.19,0.09654463048563855,0.0,-0.592280511600149,0.0,0.4638050165492713,0.0,-0.26174102228520485,0.0,0.002820471465562809,0.0,0.0,0.0,0.5
20,0.5870823709296427,0.41575904386807466,0.0,0.7710070322864857,0.5,0.0,0.19,0.08424095613192534,0.0,-0.5810070322864858,0.0,0.48639176644052157,0.0,-0.2722357563834746,0.0,0.004115990142083964,0.0,0.0,0.0,0.5
21,0.5741186993250785,0.4275937865368743,0.0,0.7595345653835702,0.5,0.0,0.19,0.0724062134631257,0.0,-0.5695345653835702,0.0,0.5086683311938318,0.0,-0.2826339783450665,0.0,0.00547384230276295,0.0,0.0,0.0,0.5
22,0.5612225754015916,0.4389538962156245,0.0,0.747892599299491,0.5,0.0,0.19,0.06104610378437553,0.0,-0.557892599299491,0.0,0.5306213867271564,0.0,-0.2929261034581606,0.0,0.006887352339018296,0.0,0.0,0.0,0.5
23,0.5484094546519928,0.4498359639494199,0.0,0.7361103363229927,0.5,0.0,0.19,0.05016403605058012,0.0,-0.5461103363229927,0.0,0.5522387232718428,0.0,-0.3031031603104281,0.0,0.008350051167472207,0.0,0.0,0.0,0.5
24,0.5356941380759193,0.4602387837986607,0.0,0.7242164872550195,0.5,0.0,0.19,0.03976121620133932,0.0,-0.5342164872550195,0.0,0.5735092601523438,0.0,-0.3131568108298673,0.0,0.009855693387010651,0.0,0.0,0.0,0.5
25,0.5230907117062299,0.47016324414088784,0.0,0.7122390838238113,0.5,0.0,0.19,0.029836755859112163,0.0,-0.5222390838238113,0.0,0.5944230513292013,0.0,-0.32307936403669013,0.0,0.01139827192136296,0.0,0.0,0.0,0.5
26,0.5106124961065612,0.4796122027233328,0.0,0.7002053105391776,0.5,0.0,0.19,0.020387797276667174,0.0,-0.5102053105391775,0.0,0.6149712821951254,0.0,-0.3328637837474511,0.0,0.012972030150866398,0.0,0.0,0.0,0.5
27,0.4982720058331246,0.4885903486527715,0.0,0.6881413570996691,0.5,0.0,0.19,0.011409651347228489,0.0,-0.49814135709966906,0.0,0.6351462582158475,0.0,-0.3425036905540786,0.0,0.014571471574694177,0.0,0.0,0.0,0.5
28,0.4860809186746751,0.49710405449075545,0.0,0.6760722919476316,0.5,0.0,0.19,0.0028959455092445463,0.0,-0.48607229194763163,0.0,0.6549413860884219,0.0,-0.35199335846775226,0.0,0.016191367078347257,0.0,0.0,0.0,0.5
29,0.4740500543267327,0.5051612215232729,0.0,0.6640219570859202,0.5,0.0,0.19,-0.005161221523272919,0.0,-0.47402195708592015,0.0,0.6743511481497014,0.0,-0.36132770667026176,0.0,0.017826759910182854,0.0,0.0,0.0,0.5
30,0.46218936202185407,0.5127711211068617,0.0,0.652012883837499,0.5,0.0,0.19,-0.012771121106861738,0.0,-0.462012883837499,0.0,0.6933710708073645,0.0,-0.3705022868537097,0.0,0.019472968494914304,0.0,0.0,0.0,0.5
31,0.45050791652824795,0.5199442347716909,0.0,0.6400662288530372,0.5,0.0,0.19,-0.01994423477169094,0.0,-0.4500662288530372,0.0,0.711997687786327,0.0,-0.3795132666537787,0.0,0.021125587231289072,0.0,0.0,0.0,0.5
32,0.4390139218444428,0.5266920954998963,0.0,0.6282017293565407,0.5,0.0,0.19,-0.026692095499896262,0.0,-0.4382017293565407,0.0,0.7302284989862367,0.0,-0.38835740969323684,0.0,0.022780485435615786,0.0,0.0,0.0,0.5
33,0.42771472185735276,0.5330271323079095,0.0,0.6164376763666978,0.5,0.0,0.19,-0.033027132307909546,0.0,-0.42643767636669777,0.0,0.7480619257330171,0.0,-0.39703205275216585,0.0,0.024433804602686182,0.0,0.0,0.0,0.5
34,0.41661681719347926,0.538962519957051,0.0,0.6047909044410464,0.5,0.0,0.19,-0.03896251995705102,0.0,-0.41479090444104644,0.0,0.7654972631812875,0.0,-0.4055350805710228,0.0,0.026081954161250608,0.0,0.0,0.0,0.5
35,0.40572588747619387,0.5445120353084185,0.0,0.5932767963583415,0.5,0.0,0.19,-0.04451203530841852,0.0,-0.4032767963583415,0.0,0.782534630587238,0.0,-0.41386489877365035,0.0,0.027721605902964807,0.0,0.0,0.0,0.5
36,0.3950468182036191,0.549689921535571,0.0,0.58190930107691,0.5,0.0,0.19,-0.04968992153557095,0.0,-0.39190930107690997,0.0,0.7991749201255,0.0,-0.4220204053713539,0.0,0.02934968726209324,0.0,0.0,0.0,0.5
37,0.3845837314790091,0.5545107611195217,0.0,0.5707009632775953,0.5,0.0,0.19,-0.05451076111952169,0.0,-0.38070096327759534,0.0,0.8154197448709433,0.0,-0.4300009612777324,0.0,0.030963373618722336,0.0,0.0,0.0,0.5
38,0.3743400198560086,0.5589893582811533,0.0,0.5596629628125797,0.5,0.0,0.19,-0.05898935828115326,0.0,-0.36966296281257965,0.0,0.8312713865092544,0.0,-0.4378063602285987,0.0,0.0325600797913054,0.0,0.0,0.0,0.5
39,0.3643183826020279,0.5631406312607532,0.0,0.5488051624290698,0.5,0.0,0.19,-0.0631406312607532,0.0,-0.35880516242906985,0.0,0.846732743280494,0.0,-0.44543679846342743,0.0,0.034137450875518685,0.0,0.0,0.0,0.5
40,0.3545208637317072,0.5669795146357595,0.0,0.5381361622127667,0.5,0.0,0.19,-0.06697951463575946,0.0,-0.3481361622127667,0.0,0.8618072785992797,0.0,-0.45289284448556383,0.0,0.03569335257611957,0.0,0.0,0.0,0.5
41,0.3449488912166365,0.5705208716775136,0.0,0.5276633592935879,0.5,0.0,0.19,-0.07052087167751364,0.0,-0.3376633592935879,0.0,0.8764989707352235,0.0,-0.46017540917898697,0.0,0.03722586116719255,0.0,0.0,0.0,0.5
42,0.3356033168350469,0.5737794165861031,0.0,0.5173930114692419,0.5,0.0,0.19,-0.0737794165861031,0.0,-0.3273930114692419,0.0,0.8908122638789578,0.0,-0.46728571652064543,0.0,0.03873325320423046,0.0,0.0,0.0,0.5
43,0.32648445618423355,0.5767696463086391,0.0,0.5073303035254609,0.5,0.0,0.19,-0.07676964630863914,0.0,-0.31733030352546093,0.0,0.9047520208634725,0.0,-0.4742252750900087,0.0,0.04021399509926736,0.0,0.0,0.0,0.5
44,0.3175921284374178,0.5795057815391564,0.0,0.49747941516019767,0.5,0.0,0.19,-0.07950578153915644,0.0,-0.30747941516019767,0.0,0.9183234777582617,0.0,-0.4809958505420709,0.0,0.04166673265804186,0.0,0.0,0.0,0.5
45,0.30892569548433785,0.5820017164157996,0.0,0.4878435895488513,0.5,0.0,0.19,-0.08200171641579956,0.0,-0.2978435895488513,0.0,0.9315322005054776,0.0,-0.48759943917703,0.0,0.04309028066616743,0.0,0.0,0.0,0.5
46,0.3004841001500261,0.5842709763708307,0.0,0.4784252017152416,0.5,0.0,0.19,-0.0842709763708307,0.0,-0.2884252017152416,0.0,0.9443840437232284,0.0,-0.49403824270953156,0.0,0.04448361259970987,0.0,0.0,0.0,0.5
47,0.29226590323823254,0.5863266835486929,0.0,0.46922582599599155,0.5,0.0,0.19,-0.08632668354869288,0.0,-0.27922582599599155,0.0,0.9568851117615204,0.0,-0.5003146443128791,0.0,0.045845850524572455,0.0,0.0,0.0,0.5
48,0.2842693191942209,0.5881815291843709,0.0,0.46024630200217687,0.5,0.0,0.19,-0.08818152918437094,0.0,-0.27024630200217686,0.0,0.969041722061157,0.0,-0.5064311859890503,0.0,0.047176255238774535,0.0,0.0,0.0,0.5
49,0.2764922502258654,0.5898477523259888,0.0,0.4514867985901589,0.5,0.0,0.19,-0.08984775232598885,0.0,-0.2614867985901589,0.0,0.9808603708351133,0.0,-0.512390547293699,0.0,0.048474216702154745,0.0,0.0,0.0,0.5
50,0.26893231876191676,0.5913371242895513,0.0,0.44294687545248757,0.5,0.0,0.19,-0.09133712428955132,0.0,-0.25294687545248756,0.0,0.992347701065329,0.0,-0.5181955254264949,0.0,0.049739244789279276,0.0,0.0,0.0,0.5
51,0.2615868981619419,0.592660938247645,0.0,0.4346255420291436,0.5,0.0,0.19,-0.09266093824764499,0.0,-0.2446255420291436,0.0,1.003510472785301,0.0,-0.52384901668103,0.0,0.05097096039340809,0.0,0.0,0.0,0.5
52,0.25445314162385474,0.5938300033756659,0.0,0.42652131351904,0.5,0.0,0.19,-0.09383000337566594,0.0,-0.23652131351904,0.0,1.0143555356000198,0.0,-0.5293539992349279,0.0,0.052169086902264745,0.0,0.0,0.0,0.5
53,0.24752800926228294,0.5948546430068384,0.0,0.4186322638417292,0.5,0.0,0.19,-0.09485464300683843,0.0,-0.2286322638417292,0.0,1.024889803379399,0.0,-0.5347135172495516,0.0,0.05333344206005025,0.0,0.0,0.0,0.5
54,0.24080829335450954,0.595744696279291,0.0,0.41095607546002855,0.5,0.0,0.19,-0.09574469627929105,0.0,-0.22095607546002854,0.0,1.0351202310490664,0.0,-0.539930666239602,0.0,0.054463930224605994,0.0,0.0,0.0,0.5
55,0.2342906417706139,0.5965095227933029,0.0,0.4034900860262487,0.5,0.0,0.19,-0.09650952279330294,0.0,-0.2134900860262487,0.0,1.0450537933929025,0.0,-0.5450085796657235,0.0,0.05556053502382399,0.0,0.0,0.0,0.5
56,0.22797157962105313,0.5971580098333422,0.0,0.3962313318585281,0.5,0.0,0.19,-0.09715800983334222,0.0,-0.2062313318585281,0.0,1.054697465774708,0.0,-0.5499504166977792,0.0,0.056623312411276286,0.0,0.0,0.0,0.5
57,0.22184752916855743,0.5976985817466584,0.0,0.38917658829010365,0.5,0.0,0.19,-0.09769858174665835,0.0,-0.19917658829010365,0.0,1.0640582066815425,0.0,-0.5547593510925053,0.0,0.0576523841175373,0.0,0.0,0.0,0.5
58,0.21591482806217452,0.5981392111071644,0.0,0.382322406963884,0.5,0.0,0.19,-0.09813921110716439,0.0,-0.19232240696388397,0.0,1.0731429419883285,0.0,-0.5594385611266222,0.0,0.05864793149074937,0.0,0.0,0.0,0.5
59,0.2101697459599232,0.5984874313294939,0.0,0.3756651501681909,0.5,0.0,0.19,-0.09848743132949389,0.0,-0.1856651501681909,0.0,1.0819585508419498,0.0,-0.5639912205249673,0.0,0.0596101897175768,0.0,0.0,0.0,0.5
60,0.2046084996130694,0.5987503504329503,0.0,0.3692010223276668,0.5,0.0,0.19,-0.09875035043295033,0.0,-0.17920102232766677,0.0,1.0905118530630868,0.0,-0.5684204903226614,0.0,0.060539442413755126,0.0,0.0,0.0,0.5
61,0.19922726648981784,0.5989346656882093,0.0,0.3629260987768103,0.5,0.0,0.19,-0.0989346656882093,0.0,-0.1729260987768103,0.0,1.0988095979651464,0.0,-0.5727295116005581,0.0,0.06143601657191681,0.0,0.0,0.0,0.5
62,0.1940221970194842,0.5990466789108376,0.0,0.356836351953047,0.5,0.0,0.19,-0.09904667891083763,0.0,-0.16683635195304702,0.0,1.106858454491692,0.0,-0.5769213990341295,0.0,0.062300277853212974,0.0,0.0,0.0,0.5
63,0.18898942554018944,0.5990923121947846,0.0,0.3509276751522315,0.5,0.0,0.19,-0.09909231219478465,0.0,-0.1609276751522315,0.0,1.1146650025765539,0.0,-0.580999235197363,0.0,0.06313262620840765,0.0,0.0,0.0,0.5
64,0.18412508003403544,0.599077123905904,0.0,0.34519590399258,0.5,0.0,0.19,-0.09907712390590395,0.0,-0.15519590399258,0.0,1.1222357256341515,0.0,-0.5849660655650898,0.0,0.0639334918135519,0.0,0.0,0.0,0.5
65,0.17942529073375973,0.5990063247802309,0.0,0.3396368357337379,0.5,0.0,0.19,-0.09900632478023086,0.0,-0.14963683573373787,0.0,1.1295770040913382,0.0,-0.5888248941593326,0.0,0.06470333130501198,0.0,0.0,0.0,0.5
66,0.17488619768416472,0.5988847939942135,0.0,0.3342462465963905,0.5,0.0,0.19,-0.09888479399421346,0.0,-0.14424624659639051,0.0,1.1366951098761735,0.0,-0.5925786797876554,0.0,0.06544262429849208,0.0,0.0,0.0,0.5
67,0.1705039573403832,0.5987170950944397,0.0,0.32901990722499624,0.5,0.0,0.19,-0.09871709509443971,0.0,-0.13901990722499624,0.0,1.143596201783323,0.0,-0.5962303328240639,0.0,0.06615187017672608,0.0,0.0,0.0,0.5
68,0.16627474828328656,0.5985074916926606,0.0,0.32395359643208804,0.5,0.0,0.19,-0.0985074916926606,0.0,-0.13395359643208804,0.0,1.1502863216402033,0.0,-0.5997827124856687,0.0,0.0668315851306851,0.0,0.0,0.0,0.5
69,0.1621947761302768,0.598259962848255,0.0,0.31904311335755253,0.5,0.0,0.19,-0.098259962848255,0.0,-0.12904311335755253,0.0,1.1567713912024509,0.0,-0.6032386245610386,0.0,0.0674822994394337,0.0,0.0,0.0,0.5
70,0.1582602777173167,0.5979782180747829,0.0,0.31428428817051857,0.5,0.0,0.19,-0.09797821807478291,0.0,-0.12428428817051856,0.0,1.163057209711737,0.0,-0.606600819548894,0.0,0.06810455497414397,0.0,0.0,0.0,0.5
71,0.15446752462545263,0.5976657119200769,0.0,0.3096729914352414,0.5,0.0,0.19,-0.09766571192007689,0.0,-0.1196729914352414,0.0,1.1691494520533334,0.0,-0.6098719911684872,0.0,0.06869890291222469,0.0,0.0,0.0,0.5
72,0.1508128261222937,0.5973256580805677,0.0,0.30520514225579354,0.5,0.0,0.19,-0.0973256580805677,0.0,-0.11520514225579354,0.0,1.1750536674551089,0.0,-0.6130547752056599,0.0,0.06926590164802485,0.0,0.0,0.0,0.5
73,0.14729253158597572,0.5969610430203477,0.0,0.3008767153076422,0.5,0.0,0.19,-0.09696104302034769,0.0,-0.1108767153076422,0.0,1.1807752786737824,0.0,-0.6161517486611325,0.0,0.06980611488711264,0.0,0.0,0.0,0.5
74,0.14390303247606212,0.5965746390739798,0.0,0.29668374685741555,0.5,0.0,0.19,-0.09657463907397978,0.0,-0.10668374685741555,0.0,1.1863195816182408,0.0,-0.6191654291700577,0.0,0.07032010991170025,0.0,0.0,0.0,0.5
75,0.1406407639126301,0.5961690170193783,0.0,0.29262233986542446,0.5,0.0,0.19,-0.0961690170193783,0.0,-0.10262233986542446,0.0,1.1916917453635438,0.0,-0.6220982746642358,0.0,0.07080845600537038,0.0,0.0,0.0,0.5
76,0.13750220592148965,0.5957465581133634,0.0,0.2886886682589246,0.5,0.0,0.19,-0.09574655811336341,0.0,-0.09868866825892458,0.0,1.1968968125128625,0.0,-0.6249526832506521,0.0,0.07127172302585438,0.0,0.0,0.0,0.5
77,0.134483884400033,0.5953094655877982,0.0,0.2848789804576849,0.5,0.0,0.19,-0.09530946558779818,0.0,-0.09487898045768489,0.0,1.2019396998680363,0.0,-0.6277309932821269,0.0,0.07171048011520614,0.0,0.0,0.0,0.5
78,0.13158237185465352,0.5948597756086814,0.0,0.2811896022272656,0.5,0.0,0.19,-0.09485977560868142,0.0,-0.09118960222726558,0.0,1.2068251993726682,0.0,-0.6304354835978936,0.0,0.07212529453730468,0.0,0.0,0.0,0.5
79,0.12879428795700365,0.5943993677043153,0.0,0.27761693892950745,0.5,0.0,0.19,-0.09439936770431534,0.0,-0.08761693892950745,0.0,1.2115579792947222,0.0,-0.6330683739138098,0.0,0.07251673063319725,0.0,0.0,0.0,0.5
80,0.12611629996253348,0.5939299746717047,0.0,0.2741574772341272,0.5,0.0,0.19,-0.09392997467170472,0.0,-0.0841574772341272,0.0,1.2161425856184398,0.0,-0.6356318253436812,0.0,0.07288534888535905,0.0,0.0,0.0,0.5
81,0.12354512303082425,0.5934531919728461,0.0,0.2708077863500039,0.5,0.0,0.19,-0.09345319197284607,0.0,-0.08080778635000391,0.0,1.2205834436180492,0.0,-0.6381279410348352,0.0,0.07323170508249321,0.0,0.0,0.0,0.5
82,0.12107752048318692,0.5929704866345431,0.0,0.26756451882976384,0.5,0.0,0.19,-0.0929704866345431,0.0,-0.07756451882976384,0.0,1.2248848595882187,0.0,-0.6405587669026154,0.0,0.07355634957702256,0.0,0.0,0.0,0.5
83,0.11871030402883863,0.5924832056669298,0.0,0.2644244109965787,0.5,0.0,0.19,-0.0924832056669298,0.0,-0.0744244109965787,0.0,1.2290510227085085,0.0,-0.6429262924499035,0.0,0.07385982662793177,0.0,0.0,0.0,0.5
84,0.11644033398674718,0.5919925840170407,0.0,0.26138428303774536,0.5,0.0,0.19,-0.09199258401704069,0.0,-0.07138428303774536,0.0,1.2330860070212013,0.0,-0.6452324516590887,0.0,0.07414267382210313,0.0,0.0,0.0,0.5
85,0.11426451952595569,0.5914997520746194,0.0,0.25844103880553465,0.5,0.0,0.19,-0.09149975207461936,0.0,-0.06844103880553465,0.0,1.236993773503866,0.0,-0.6474791239451293,0.0,0.0744054215677513,0.0,0.0,0.0,0.5
86,0.11217981894291251,0.5910057427479033,0.0,0.25559166536204947,0.5,0.0,0.19,-0.0910057427479033,0.0,-0.06559166536204947,0.0,1.240778172219821,0.0,-0.6496681351594727,0.0,0.07464859265400088,0.0,0.0,0.0,0.5
87,0.11018323999007461,0.5905114981274608,0.0,0.25283323230133103,0.5,0.0,0.19,-0.09051149812746084,0.0,-0.06283323230133103,0.0,1.244442944531339,0.0,-0.6518012586356334,0.0,0.07487270187106652,0.0,0.0,0.0,0.5
88,0.10827184026589025,0.590017875756283,0.0,0.250162890878754,0.5,0.0,0.19,-0.09001787575628295,0.0,-0.06016289087875398,0.0,1.2479917253619703,0.0,-0.6538802162681733,0.0,0.07507825568588782,0.0,0.0,0.0,0.5
89,0.10644272767221287,0.5895256545242769,0.0,0.24757787297478695,0.5,0.0,0.19,-0.08952565452427685,0.0,-0.05757787297478695,0.0,1.2514280454957725,0.0,-0.6559066796176991,0.0,0.075265751968441,0.0,0.0,0.0,0.5
90,0.10469306094137784,0.5890355402051614,0.0,0.24507548991747735,0.5,0.0,0.19,-0.08903554020516136,0.0,-0.05507548991747735,0.0,1.2547553339025217,0.0,-0.6578822710352825,0.0,0.07543567976429823,0.0,0.0,0.0,0.5
91,0.1030200502315631,0.588548170653445,0.0,0.24265313118554457,0.5,0.0,0.19,-0.088548170653445,0.0,-0.05265313118554457,0.0,1.2579769200791677,0.0,-0.6598085648004312,0.0,0.07558851910933116,0.0,0.0,0.0,0.5
92,0.1014209577857757,0.5880641206788099,0.0,0.2403082630116774,0.5,0.0,0.19,-0.08806412067880987,0.0,-0.0503082630116774,0.0,1.261096036398865,0.0,-0.6616870882673991,0.0,0.07572474088276272,0.0,0.0,0.0,0.5
93,0.09989309864686292,0.5875839066147568,0.0,0.23803842690356802,0.5,0.0,0.19,-0.08758390661475679,0.0,-0.04803842690356802,0.0,1.2641158204598977,0.0,-0.6635193230152235,0.0,0.0758448066950568,0.0,0.0,0.0,0.5
94,0.09843384141841437,0.5871079905978729,0.0,0.2358412380983153,0.5,0.0,0.19,-0.08710799059787289,0.0,-0.04584123809831531,0.0,1.2670393174277133,0.0,-0.6653067059974196,0.0,0.07594916880740396,0.0,0.0,0.0,0.5
95,0.09704060905930756,0.586636784573523,0.0,0.233714383964118,0.5,0.0,0.19,-0.08663678457352297,0.0,-0.043714383964118,0.0,1.2698694823640855,0.0,-0.6670506306877566,0.0,0.07603827007981095,0.0,0.0,0.0,0.5
96,0.09571087969799066,0.5861706540431841,0.0,0.2316556223616106,0.5,0.0,0.19,-0.08617065404318414,0.0,-0.041655622361610606,0.0,1.2726091825381713,0.0,-0.6687524482189879,0.0,0.07611254394503471,0.0,0.0,0.0,0.5
97,0.09444218745142255,0.5857099215680545,0.0,0.2296627799757857,0.5,0.0,0.19,-0.08570992156805446,0.0,-0.03966277997578571,0.0,1.2752611997148897,0.0,-0.670413468511809,0.0,0.07617241440581843,0.0,0.0,0.0,0.5
98,0.0932321232328555,0.5852548700429383,0.0,0.22773375062815854,0.5,0.0,0.19,-0.0852548700429383,0.0,-0.037733750628158536,0.0,1.2778282324166597,0.0,-0.6720349613916834,0.0,0.0762182960530892,0.0,0.0,0.0,0.5
99,0.09207833553239435,0.5848057457538026,0.0,0.22586649357767757,0.5,0.0,0.19,-0.08480574575380262,0.0,-0.03586649357767757,0.0,1.2803128981550773,0.0,-0.6736181576915025,0.0,0.07625059410296364,0.0,0.0,0.0,0.5
100,0.09097853115443767,0.5843627612317811,0.0,0.22405903181783765,0.5,0.0,0.19,-0.0843627612317811,0.0,-0.03405903181783765,0.0,1.282717735629608,0.0,-0.6751642503383449,0.0,0.07626970445058236,0.0,0.0,0.0,0.5
101,0.08993047589667608,0.5839260979157891,0.0,0.2223094503765078,0.5,0.0,0.19,-0.08392609791578909,0.0,-0.03230945037650779,0.0,1.2850452068908131,0.0,-0.676674395422862,0.0,0.07627601373895516,0.0,0.0,0.0,0.5
102,0.08893199515625905,0.5834959086353104,0.0,0.22061589462414544,0.5,0.0,0.19,-0.08349590863531042,0.0,-0.030615894624145434,0.0,1.2872976994660301,0.0,-0.6781497132500556,0.0,0.07626989944114866,0.0,0.0,0.0,0.5
103,0.08798097444999009,0.5830723199243384,0.0,0.21897656859530096,0.5,0.0,0.19,-0.08307231992433839,0.0,-0.028976568595300956,0.0,1.2894775284457838,0.0,-0.6795912893704282,0.0,0.07625172995428613,0.0,0.0,0.0,0.5
104,0.08707535983689874,0.5826554341768664,0.0,0.2173897333276377,0.5,0.0,0.19,-0.08265543417686638,0.0,-0.027389733327637694,0.0,1.2915869385295302,0.0,-0.6810001755906755,0.0,0.07622186470395802,0.0,0.0,0.0,0.5
105,0.08621315823324673,0.5822453316537821,0.0,0.2158537052220803,0.5,0.0,0.19,-0.08224533165378212,0.0,-0.025853705222080303,0.0,1.293628106029619,0.0,-0.6823773909632586,0.0,0.0761806542577598,0.0,0.0,0.0,0.5
106,0.08539243761185492,0.581842072350474,0.0,0.21436685442715797,0.5,0.0,0.19,-0.08184207235047403,0.0,-0.02436685442715797,0.0,1.2956031408326216,0.0,-0.6837239227543479,0.0,0.07612844044678341,0.0,0.0,0.0,0.5
107,0.08461132707955982,0.5814456977339463,0.0,0.21292760325011995,0.5,0.0,0.19,-0.08144569773394628,0.0,-0.022927603250119943,0.0,1.2975140883173975,0.0,-0.6850407273897626,0.0,0.07606555649398986,0.0,0.0,0.0,0.5
108,0.08386801682855713,0.581056232357744,0.0,0.21153442459696947,0.5,0.0,0.19,-0.08105623235774395,0.0,-0.02153442459696947,0.0,1.2993629312294785,0.0,-0.6863287313786474,0.0,0.07599232714848406,0.0,0.0,0.0,0.5
109,0.08316075795930668,0.5806736853625101,0.0,0.21018584044316999,0.5,0.0,0.19,-0.08067368536251007,0.0,-0.020185840443169983,0.0,1.30115159151153,0.0,-0.6875888322147351,0.0,0.07590906882479886,0.0,0.0,0.0,0.5
110,0.08248786217453709,0.5802980518695484,0.0,0.20888042033644216,0.5,0.0,0.19,-0.08029805186954841,0.0,-0.01888042033644216,0.0,1.3028819320898037,0.0,-0.6888218992551349,0.0,0.07581608974637523,0.0,0.0,0.0,0.5
111,0.08184770134563349,0.579929314274331,0.0,0.20761677993275834,0.5,0.0,0.19,-0.07992931427433103,0.0,-0.017616779932758342,0.0,1.304555758616649,0.0,-0.6900287745766666,0.0,0.07571369009249831,0.0,0.0,0.0,0.5
112,0.08123870695430296,0.5795674434464742,0.0,0.20639357956638055,0.5,0.0,0.19,-0.07956744344647415,0.0,-0.016393579566380545,0.0,1.3061748211692576,0.0,-0.6912102738098322,0.0,0.07560216214801709,0.0,0.0,0.0,0.5
113,0.08065936941386796,0.579212399842322,0.0,0.20520952285454505,0.5,0.0,0.19,-0.07921239984232198,0.0,-0.015209522854545049,0.0,1.3077408159049406,0.0,-0.69236718695058,0.0,0.07548179045523709,0.0,0.0,0.0,0.5
114,0.08010823727580399,0.5788641345358989,0.0,0.20406335533719275,0.5,0.0,0.19,-0.07886413453589891,0.0,-0.014063355337192746,0.0,1.3092553866733185,0.0,-0.6935002791500636,0.0,0.07535285196743335,0.0,0.0,0.0,0.5
115,0.0795839163282235,0.5785225901736432,0.0,0.20295386315196196,0.5,0.0,0.19,-0.07852259017364316,0.0,-0.012953863151961953,0.0,1.310720126585897,0.0,-0.6946102914826537,0.0,0.0752156162034827,0.0,0.0,0.0,0.5
116,0.07908506859389774,0.5781877018580017,0.0,0.20187987174449895,0.5,0.0,0.19,-0.07818770185800172,0.0,-0.011879871744498949,0.0,1.312136579543562,0.0,-0.6956979416924892,0.0,0.07507034540316374,0.0,0.0,0.0,0.5
117,0.07861041123610195,0.5778593979646485,0.0,0.20084024461400934,0.5,0.0,0.19,-0.07785939796464847,0.0,-0.010840244614009342,0.0,1.3135062417225976,0.0,-0.6967639249188966,0.0,0.07491729468271659,0.0,0.0,0.0,0.5
118,0.07815871538108307,0.5775376008977936,0.0,0.19983388209384423,0.5,0.0,0.19,-0.0775376008977936,0.0,-0.009833882093844226,0.0,1.3148305630198736,0.0,-0.6978089144010292,0.0,0.07475671219029582,0.0,0.0,0.0,0.5
119,0.07772880486628041,0.5772222277877679,0.0,0.19885972016682169,0.5,0.0,0.19,-0.07722222778776788,0.0,-0.008859720166821683,0.0,1.3161109484578981,0.0,-0.6988335621621035,0.0,0.07458883926098715,0.0,0.0,0.0,0.5
120,0.07731955492360491,0.5769131911348052,0.0,0.1979167293148924,0.5,0.0,0.19,-0.07691319113480521,0.0,-0.007916729314892401,0.0,1.317348759550463,0.0,-0.6998384996736279,0.0,0.07441391057109316,0.0,0.0,0.0,0.5
121,0.07692989080710062,0.5766103994026935,0.0,0.197003913402677,0.5,0.0,0.19,-0.07661039940269354,0.0,-0.007003913402677003,0.0,1.3185453156296407,0.0,-0.7008243385000354,0.0,0.07423215429142473,0.0,0.0,0.0,0.5
122,0.0765587863742062,0.5763137575657313,0.0,0.1961203085943541,0.5,0.0,0.19,-0.07631375756573133,0.0,-0.006120308594354085,0.0,1.3197018951349146,0.0,-0.7017916709241436,0.0,0.07404379223936362,0.0,0.0,0.0,0.5
123,0.0762052626296097,0.5760231676122065,0.0,0.1952649823033077,0.5,0.0,0.19,-0.07602316761220651,0.0,-0.005264982303307686,0.0,1.3208197368652408,0.0,-0.7027410705538734,0.0,0.07384904002948861,0.0,0.0,0.0,0.5
124,0.07586838624037145,0.5757385290074071,0.0,0.19443703217391337,0.5,0.0,0.19,-0.07573852900740707,0.0,-0.004437032173913363,0.0,1.3219000411948567,0.0,-0.7036730929106663,0.0,0.0736481072225811,0.0,0.0,0.0,0.5
125,0.07554726803058598,0.5754597391189744,0.0,0.19363558509479867,0.5,0.0,0.19,-0.07545973911897441,0.0,-0.0036355850947986657,0.0,1.322943971253658,0.0,-0.7045882760000427,0.0,0.07344119747284905,0.0,0.0,0.0,0.5
126,0.07524106146339982,0.5751866936072352,0.0,0.19285979624289043,0.5,0.0,0.19,-0.07518669360723518,0.0,-0.0028597962428904278,0.0,1.323952654072971,0.0,-0.7054871408647461,0.0,0.07322850867322793,0.0,0.0,0.0,0.5
127,0.07494896111768148,0.5749192867829652,0.0,0.19210884815753596,0.5,0.0,0.19,-0.07491928678296522,0.0,-0.002108848157535953,0.0,1.3249271816975532,0.0,-0.7063701921209186,0.0,0.07301023309863575,0.0,0.0,0.0,0.5
128,0.07467020116610366,0.5746574119348852,0.0,0.19138194984397136,0.5,0.0,0.19,-0.07465741193488518,0.0,-0.0013819498439713584,0.0,1.3258686122646517,0.0,-0.7072379184777531,0.0,0.07278655754707669,0.0,0.0,0.0,0.5
129,0.0744040538608339,0.5744009616290362,0.0,0.1906783359054001,0.5,0.0,0.19,-0.0744009616290362,0.0,-0.0006783359054000904,0.0,1.3267779710509455,0.0,-0.7080907932410622,0.0,0.07255766347850273,0.0,0.0,0.0,0.5
130,0.07414982803245075,0.5741498279820367,0.0,0.18999726570293304,0.5,0.0,0.19,-0.07414982798203673,0.0,2.734297066958602e-06,0.0,1.3276562514881978,0.0,-0.708929274801203,0.0,0.07232372715135688,0.0,0.0,0.0,0.5
131,0.07390686760713361,0.5739039029100922,0.0,0.18933802254264895,0.5,0.0,0.19,-0.07390390291009219,0.0,0.000661977457351054,0.0,1.3285044161484296,0.0,-0.7097538071057916,0.0,0.07208491975673455,0.0,0.0,0.0,0.5
132,0.07367455014661396,0.5736630783555086,0.0,0.18869991288901758,0.5,0.0,0.19,-0.07366307835550856,0.0,0.001300087110982423,0.0,1.329323397699427,0.0,-0.7105648201176333,0.0,0.07184140755011097,0.0,0.0,0.0,0.5
133,0.07345228541481827,0.5734272464923351,0.0,0.188082265603952,0.5,0.0,0.19,-0.07342724649233512,0.0,0.0019177343960480042,0.0,1.3301140998313747,0.0,-0.7113627302582926,0.0,0.07159335198059329,0.0,0.0,0.0,0.5
134,0.07323951397461469,0.5731962999126615,0.0,0.18748443121074254,0.5,0.0,0.19,-0.07319629991266152,0.0,0.0025155687892574607,0.0,1.3308773981554052,0.0,-0.7121479408377147,0.0,0.07134090981766542,0.0,0.0,0.0,0.5
135,0.07303570581756819,0.5729701317949858,0.0,0.1869057811821451,0.5,0.0,0.19,-0.07297013179498579,0.0,0.0030942188178549046,0.0,1.3316141410748357,0.0,-0.7129208424703092,0.0,0.07108423327540253,0.0,0.0,0.0,0.5
136,0.07284035902913881,0.5727486360559773,0.0,0.18634570725190105,0.5,0.0,0.19,-0.07274863605597726,0.0,0.0036542927480989473,0.0,1.3323251506298561,0.0,-0.7136818134778915,0.0,0.07082347013413967,0.0,0.0,0.0,0.5
137,0.07265299849131926,0.5725317074868725,0.0,0.18580362074897952,0.5,0.0,0.19,-0.07253170748687254,0.0,0.004196379251020482,0.0,1.3330112233164126,0.0,-0.7144312202798767,0.0,0.07055876385958638,0.0,0.0,0.0,0.5
138,0.07247317462428488,0.5723192418756442,0.0,0.18527895195383914,0.5,0.0,0.19,-0.0723192418756442,0.0,0.004721048046160858,0.0,1.3336731308800216,0.0,-0.7151694177711063,0.0,0.07029025371938524,0.0,0.0,0.0,0.5
139,0.07230046216827604,0.5721111361160277,0.0,0.1847711494760283,0.5,0.0,0.19,-0.07211113611602771,0.0,0.0052288505239717065,0.0,1.3343116210852326,0.0,-0.7158967496876835,0.0,0.07001807489711828,0.0,0.0,0.0,0.5
140,0.07213445900656797,0.5719072883043969,0.0,0.1842796796524507,0.5,0.0,0.19,-0.07190728830439685,0.0,0.005720320347549296,0.0,1.334927418461441,0.0,-0.7166135489611806,0.0,0.06974235860377004,0.0,0.0,0.0,0.5
141,0.07197478503008022,0.5717075978254172,0.0,0.18380402596563902,0.5,0.0,0.19,-0.07170759782541725,0.0,0.006195974034360979,0.0,1.3355212250257413,0.0,-0.7173201380615776,0.0,0.06946323218666103,0.0,0.0,0.0,0.5
142,0.07182108104390666,0.5715119654273514,0.0,0.18334368848139534,0.5,0.0,0.19,-0.07151196542735139,0.0,0.006656311518604657,0.0,1.3360937209834898,0.0,-0.7180168293292769,0.0,0.06918081923586913,0.0,0.0,0.0,0.5
143,0.0716730077157854,0.5713202932878164,0.0,0.18289818330517585,0.5,0.0,0.19,-0.07132029328781642,0.0,0.0071018166948241535,0.0,1.3366455654072344,0.0,-0.718703925296534,0.0,0.06889523968816025,0.0,0.0,0.0,0.5
144,0.07153024456631578,0.5711324850707464,0.0,0.1824670420566032,0.5,0.0,0.19,-0.07113248507074643,0.0,0.007532957943396812,0.0,1.337177396894654,0.0,-0.719381718998634,0.0,0.06860660992845281,0.0,0.0,0.0,0.5
145,0.07139248900053781,0.5709484459752608,0.0,0.18204981136152074,0.5,0.0,0.19,-0.07094844597526084,0.0,0.007950188638479266,0.0,1.3376898342061276,0.0,-0.7200504942751339,0.0,0.06831504288884359,0.0,0.0,0.0,0.5
146,0.07125945538031582,0.5707680827770837,0.0,0.1816460523610061,0.5,0.0,0.19,-0.07076808277708369,0.0,0.008353947638993914,0.0,1.3381834768825454,0.0,-0.720710526061483,0.0,0.0680206481452246,0.0,0.0,0.0,0.5
147,0.07113087413683725,0.5705913038631258,0.0,0.18125534023678355,0.5,0.0,0.19,-0.07059130386312584,0.0,0.00874465976321645,0.0,1.3386589058439555,0.0,-0.7213620806713248,0.0,0.06772353201152341,0.0,0.0,0.0,0.5
148,0.07100649092240297,0.5704180192597866,0.0,0.18087726375249102,0.5,0.0,0.19,-0.07041801925978664,0.0,0.009122736247508978,0.0,1.3391166839696211,0.0,-0.7220054160697742,0.0,0.06742379763160071,0.0,0.0,0.0,0.5
149,0.0708860658005921,0.5702481406554991,0.0,0.18051142481027385,0.5,0.0,0.19,-0.07024814065549911,0.0,0.00948857518972615,0.0,1.3395573566600527,0.0,-0.722640782137957,0.0,0.0671215450688409,0.0,0.0,0.0,0.5
150,0.07076937247379979,0.570081581418004,0.0,0.18015743802218734,0.5,0.0,0.19,-0.07008158141800402,0.0,0.009842561977812664,0.0,1.3399814523815625,0.0,-0.7232684209290885,0.0,0.06681687139347274,0.0,0.0,0.0,0.5
151,0.0706561975470819,0.5699182566068064,0.0,0.1798149302959167,0.5,0.0,0.19,-0.0699182566068064,0.0,0.01018506970408331,0.0,1.340389483193872,0.0,-0.7238885669163614,0.0,0.06650987076765832,0.0,0.0,0.0,0.5
152,0.07054633982718388,0.5697580829812293,0.0,0.17948354043432702,0.5,0.0,0.19,-0.06975808298122932,0.0,0.010516459565672986,0.0,1.3407819452612906,0.0,-0.724501447232904,0.0,0.06620063452838953,0.0,0.0,0.0,0.5
153,0.07043960965559908,0.5696009790044575,0.0,0.1791629187483791,0.5,0.0,0.19,-0.0696009790044575,0.0,0.01083708125162089,0.0,1.341159319347969,0.0,-0.7251072819040624,0.0,0.06588925126823202,0.0,0.0,0.0,0.5
154,0.07033582827446835,0.5694468648439271,0.0,0.17885272668295887,0.5,0.0,0.19,-0.06944686484392715,0.0,0.011147273317041129,0.0,1.3415220712977152,0.0,-0.7257062840722526,0.0,0.06557580691395734,0.0,0.0,0.0,0.5
155,0.0702348272241271,0.5692956623684033,0.0,0.17855263645518168,0.5,0.0,0.19,-0.06929566236840334,0.0,0.011447363544818318,0.0,1.341870652498848,0.0,-0.7262986602146204,0.0,0.06526038480310445,0.0,0.0,0.0,0.5
156,0.07013644777108351,0.569147295142046,0.0,0.17826233070474767,0.5,0.0,0.19,-0.06914729514204598,0.0,0.011737669295252329,0.0,1.3422055003345497,0.0,-0.726884610353741,0.0,0.06494306575851184,0.0,0.0,0.0,0.5
157,0.07004054036523114,0.5690016884157622,0.0,0.17798150215594113,0.5,0.0,0.19,-0.06900168841576215,0.0,0.012018497844058867,0.0,1.3425270386191646,0.0,-0.7274643282615806,0.0,0.06462392816086218,0.0,0.0,0.0,0.5
158,0.06994696412508765,0.5688587691161011,0.0,0.17770985329087657,0.5,0.0,0.19,-0.06885876911610112,0.0,0.012290146709123428,0.0,1.3428356780208786,0.0,-0.7280380016569387,0.0,0.0643030480192811,0.0,0.0,0.0,0.5
159,0.0698555863498824,0.5687184658319464,0.0,0.1774470960336068,0.5,0.0,0.19,-0.06871846583194641,0.0,0.012552903966393192,0.0,1.3431318164712018,0.0,-0.7286058123965788,0.0,0.06398049904003204,0.0,0.0,0.0,0.5
160,0.06976628205732051,0.5685807087992278,0.0,0.1771929514447272,0.5,0.0,0.19,-0.06858070879922784,0.0,0.012807048555272815,0.0,1.3434158395616635,0.0,-0.7291679366602535,0.0,0.06365635269334882,0.0,0.0,0.0,0.5
161,0.06967893354588392,0.5684454298838683,0.0,0.17694714942611456,0.5,0.0,0.19,-0.06844542988386826,0.0,0.013052850573885444,0.0,1.3436881209281157,0.0,-0.7297245451298174,0.0,0.06333067827844746,0.0,0.0,0.0,0.5
162,0.06959342998054684,0.568312562563156,0.0,0.17670942843545942,0.5,0.0,0.19,-0.06831256256315599,0.0,0.013290571564540582,0.0,1.3439490226230317,0.0,-0.7302758031626232,0.0,0.06300354298675861,0.0,0.0,0.0,0.5
163,0.0695096670008207,0.5681820419057262,0.0,0.17647953521025334,0.5,0.0,0.19,-0.06818204190572619,0.0,0.013520464789746667,0.0,1.3441988954761726,0.0,-0.7308218709593803,0.0,0.0626750119634216,0.0,0.0,0.0,0.5
164,0.0694275463500713,0.568053804550319,0.0,0.1762572245009137,0.5,0.0,0.19,-0.06805380455031895,0.0,0.013742775499086313,0.0,1.3444380794439843,0.0,-0.7313629037266588,0.0,0.06234514836708073,0.0,0.0,0.0,0.5
165,0.06934697552507403,0.5679277886834577,0.0,0.17604225881273303,0.5,0.0,0.19,-0.06792778868345772,0.0,0.013957741187266975,0.0,1.3446669039480765,0.0,-0.731899051834209,0.0,0.06201401342802415,0.0,0.0,0.0,0.5
166,0.06926786744483115,0.5678039340162045,0.0,0.17583440815635012,0.5,0.0,0.19,-0.06780393401620455,0.0,0.014165591843649877,0.0,1.3448856882031246,0.0,-0.732430460967266,0.0,0.061681666504704954,0.0,0.0,0.0,0.5
167,0.0691901401376806,0.5676821817601081,0.0,0.17563344980645768,0.5,0.0,0.19,-0.0676821817601081,0.0,0.014366550193542327,0.0,1.345094741534524,0.0,-0.7329572722739993,0.0,0.06134816513868397,0.0,0.0,0.0,0.5
168,0.06911371644578422,0.5675624746024729,0.0,0.17543916806846285,0.5,0.0,0.19,-0.06756247460247289,0.0,0.01456083193153715,0.0,1.3452943636861179,0.0,-0.7334796225082647,0.0,0.061013565108032936,0.0,0.0,0.0,0.5
169,0.0690385237461074,0.5674447566810563,0.0,0.17525135405283102,0.5,0.0,0.19,-0.06744475668105632,0.0,0.014748645947168987,0.0,1.3454848451183088,0.0,-0.7339976441678119,0.0,0.06067792047923625,0.0,0.0,0.0,0.5
170,0.0689644936870397,0.5673289735582946,0.0,0.17506980545685333,0.5,0.0,0.19,-0.06732897355829459,0.0,0.014930194543146674,0.0,1.3456664672968532,0.0,-0.7345114656280912,0.0,0.06034128365762901,0.0,0.0,0.0,0.5
171,0.06889156193984411,0.5672150721951511,0.0,0.17489432635358484,0.5,0.0,0.19,-0.0672150721951511,0.0,0.015105673646415158,0.0,1.3458395029726342,0.0,-0.7350212112718048,0.0,0.06000370543640829,0.0,0.0,0.0,0.5
172,0.06881966796415549,0.5671030009246726,0.0,0.17472472698770983,0.5,0.0,0.19,-0.06710300092467258,0.0,0.015275273012290175,0.0,1.3460042164526902,0.0,-0.7355270016143368,0.0,0.059665235044254125,0.0,0.0,0.0,0.5
173,0.06874875478678062,0.5669927094253276,0.0,0.17456082357810143,0.5,0.0,0.19,-0.06699270942532765,0.0,0.01543917642189857,0.0,1.346160863862777,0.0,-0.7360289534251975,0.0,0.05932592019159589,0.0,0.0,0.0,0.5
174,0.0686787687930931,0.5668841486942033,0.0,0.17440243812684694,0.5,0.0,0.19,-0.06688414869420334,0.0,0.01559756187315306,0.0,1.3463096934017267,0.0,-0.7365271798456084,0.0,0.058985807115559265,0.0,0.0,0.0,0.5
175,0.06860965953034043,0.5667772710201203,0.0,0.17424939823452348,0.5,0.0,0.19,-0.06677727102012032,0.0,0.01575060176547652,0.0,1.3464509455878622,0.0,-0.7370217905023542,0.0,0.058644940623628176,0.0,0.0,0.0,0.5
176,0.06854137952221945,0.5666720299567272,0.0,0.17410153692150718,0.5,0.0,0.19,-0.06667202995672716,0.0,0.015898463078492825,0.0,1.3465848534977132,0.0,-0.7375128916180195,0.0,0.05830336413605551,0.0,0.0,0.0,0.5
177,0.0684738840941063,0.5665683802956305,0.0,0.17395869245512025,0.5,0.0,0.19,-0.0665683802956305,0.0,0.016041307544879757,0.0,1.3467116429972785,0.0,-0.7380005861177299,0.0,0.057961119727055706,0.0,0.0,0.0,0.5
178,0.06840713120834752,0.5664662780396003,0.0,0.1738207081824134,0.5,0.0,0.19,-0.06646627803960026,0.0,0.016179291817586594,0.0,1.3468315329660654,0.0,-0.738484973732507,0.0,0.05761824816481165,0.0,0.0,0.0,0.5
179,0.06834108130906907,0.5663656803759072,0.0,0.17368743236839404,0.5,0.0,0.19,-0.06636568037590718,0.0,0.016312567631605962,0.0,1.3469447355141348,0.0,-0.7389661510993482,0.0,0.05727478895032763,0.0,0.0,0.0,0.5
180,0.06827569717596253,0.5662665456498213,0.0,0.17355871803952344,0.5,0.0,0.19,-0.06626654564982126,0.0,0.01644128196047656,0.0,1.347051456192371,0.0,-0.7394442118581354,0.0,0.05693078035515936,0.0,0.0,0.0,0.5
181,0.06821094378655343,0.5661688333383115,0.0,0.1734344228322973,0.5,0.0,0.19,-0.06616883333831147,0.0,0.01656557716770271,0.0,1.347151894196186,0.0,-0.7399192467454756,0.0,0.056586259458051534,0.0,0.0,0.0,0.5
182,0.06814678818647658,0.5660725040239809,0.0,0.17331440884674648,0.5,0.0,0.19,-0.0660725040239809,0.0,0.01668559115325352,0.0,1.3472462425628682,0.0,-0.7403913436855712,0.0,0.05624126218051258,0.0,0.0,0.0,0.5
183,0.06808319936730153,0.5659775193692596,0.0,0.17319854250469,0.5,0.0,0.19,-0.06597751936925955,0.0,0.016801457495310007,0.0,1.3473346883627724,0.0,-0.7408605878782153,0.0,0.055895823321355606,0.0,0.0,0.0,0.5
184,0.06802014815148955,0.5658838420908887,0.0,0.17308669441258076,0.5,0.0,0.19,-0.06588384209088871,0.0,0.01691330558741924,0.0,1.3474174128845442,0.0,-0.7413270618840047,0.0,0.05554997659023405,0.0,0.0,0.0,0.5
185,0.06795760708406877,0.5657914359347116,0.0,0.1729787392287935,0.5,0.0,0.19,-0.0657914359347116,0.0,0.017021260771206498,0.0,1.347494591814567,0.0,-0.7417908457068598,0.0,0.05520375464019954,0.0,0.0,0.0,0.5
186,0.06789555033065338,0.5657002656507983,0.0,0.17287455553520392,0.5,0.0,0.19,-0.06570026565079834,0.0,0.01712544446479608,0.0,1.347566395410812,0.0,-0.7422520168739377,0.0,0.054857189099309214,0.0,0.0,0.0,0.5
187,0.0678339535814332,0.5656102969689121,0.0,0.17277402571291828,0.5,0.0,0.19,-0.06561029696891207,0.0,0.017225974287081725,0.0,1.3476329886712652,0.0,-0.7427106505130214,0.0,0.054510310601308745,0.0,0.0,0.0,0.5
188,0.06777279396080554,0.5655214965743458,0.0,0.17267703582201388,0.5,0.0,0.19,-0.0655214965743458,0.0,0.017322964177986122,0.0,1.3476945314971063,0.0,-0.7431668194274667,0.0,0.05416314881541697,0.0,0.0,0.0,0.5
189,0.06771204994231103,0.5654338320841287,0.0,0.17258347548515846,0.5,0.0,0.19,-0.06543383208412867,0.0,0.017416524514841547,0.0,1.3477511788507974,0.0,-0.7436205941687847,0.0,0.053815732475237146,0.0,0.0,0.0,0.5
190,0.06765170126857735,0.5653472720236231,0.0,0.17249323777497866,0.5,0.0,0.19,-0.06534727202362312,0.0,0.017506762225021344,0.0,1.3478030809092463,0.0,-0.7440720431069355,0.0,0.05346808940681941,0.0,0.0,0.0,0.5
191,0.06759172887597736,0.5652617858035183,0.0,0.17240621910505496,0.5,0.0,0.19,-0.06526178580351827,0.0,0.017593780894945038,0.0,1.3478503832121957,0.0,-0.7445212324984062,0.0,0.05312024655589835,0.0,0.0,0.0,0.5
192,0.06753211482372819,0.5651773436972265,0.0,0.1723223191244208,0.5,0.0,0.19,-0.0651773436972265,0.0,0.017677680875579194,0.0,1.3478932268059902,0.0,-0.7449682265521432,0.0,0.052772230014328944,0.0,0.0,0.0,0.5
193,0.06747284222717724,0.5650939168186943,0.0,0.1722414406154535,0.5,0.0,0.19,-0.06509391681869425,0.0,0.017758559384546513,0.0,1.3479317483828632,0.0,-0.7454130874934098,0.0,0.05242406504574358,0.0,0.0,0.0,0.5
194,0.06741389519502483,0.5650114771006239,0.0,0.17216348939504028,0.5,0.0,0.19,-0.06501147710062394,0.0,0.01783651060495972,0.0,1.3479660804158873,0.0,-0.745855875625632,0.0,0.05207577611045231,0.0,0.0,0.0,0.5
195,0.06735525877026427,0.5649299972731228,0.0,0.1720883742189177,0.5,0.0,0.19,-0.06492999727312276,0.0,0.017911625781082297,0.0,1.34799635128972,0.0,-0.7462966493902989,0.0,0.05172738688960786,0.0,0.0,0.0,0.5
196,0.06729691887460855,0.564849450842765,0.0,0.17201600668907369,0.5,0.0,0.19,-0.06484945084276506,0.0,0.017983993310926316,0.0,1.3480226854272812,0.0,-0.7467354654249792,0.0,0.051378920308656394,0.0,0.0,0.0,0.5
197,0.06723886225621632,0.5647698120720881,0.0,0.17194630116411533,0.5,0.0,0.19,-0.0647698120720881,0.0,0.018053698835884674,0.0,1.3480452034124855,0.0,-0.7471723786195127,0.0,0.05103039856009448,0.0,0.0,0.0,0.5
198,0.06718107644050654,0.5646910559595036,0.0,0.1718791746725059,0.5,0.0,0.19,-0.06469105595950364,0.0,0.018120825327494094,0.0,1.3480640221091547,0.0,-0.7476074421704377,0.0,0.05068184312555212,0.0,0.0,0.0,0.5
199,0.06712354968389578,0.56461315821964,0.0,0.17181454682857217,0.5,0.0,0.19,-0.06461315821963998,0.0,0.018185453171427834,0.0,1.3480792547762317,0.0,-0.7480407076337064,0.0,0.05033327479722129,0.0,0.0,0.0,0.5
200,0.06706627093027762,0.5645360952641054,0.0,0.17175233975119794,0.5,0.0,0.19,-0.06453609526410542,0.0,0.01824766024880206,0.0,1.3480910111794073,0.0,-0.7484722249757464,0.0,0.04998471369864877,0.0,0.0,0.0,0.5
201,0.06700922977008518,0.5644598441826721,0.0,0.17169247798510956,0.5,0.0,0.19,-0.06445984418267214,0.0,0.018307522014890443,0.0,1.3480993976992766,0.0,-0.7489020426229184,0.0,0.04963617930491163,0.0,0.0,0.0,0.5
202,0.06695241640178398,0.5643843827248786,0.0,0.1716348884246724,0.5,0.0,0.19,-0.06438438272487856,0.0,0.01836511157532761,0.0,1.3481045174361308,0.0,-0.7493302075094229,0.0,0.049287690462193286,0.0,0.0,0.0,0.5
203,0.06689582159565675,0.5643096892820523,0.0,0.1715795002401176,0.5,0.0,0.19,-0.06430968928205227,0.0,0.018420499759882414,0.0,1.3481064703114902,0.0,-0.7497567651237036,0.0,0.048939265406777385,0.0,0.0,0.0,0.5
204,0.06683943665973499,0.5642357428697384,0.0,0.17152624480611553,0.5,0.0,0.19,-0.06423574286973843,0.0,0.018473755193884472,0.0,1.3481053531664815,0.0,-0.7501817595533957,0.0,0.04859092178347651,0.0,0.0,0.0,0.5
205,0.06678325340776294,0.5641625231105436,0.0,0.17147505563262233,0.5,0.0,0.19,-0.0641625231105436,0.0,0.01852494436737767,0.0,1.348101259857156,0.0,-0.750605233528866,0.0,0.048242676663512105,0.0,0.0,0.0,0.5
206,0.06672726412906332,0.5640900102173796,0.0,0.1714258682979268,0.5,0.0,0.19,-0.06409001021737959,0.0,0.0185741317020732,0.0,1.3480942813468455,0.0,-0.751027228465388,0.0,0.04789454656186158,0.0,0.0,0.0,0.5
207,0.06667146156019697,0.5640181849771064,0.0,0.17137862038382207,0.5,0.0,0.19,-0.06401818497710643,0.0,0.018621379616177935,0.0,1.3480845057956494,0.0,-0.751447784503997,0.0,0.04754654745408815,0.0,0.0,0.0,0.5
208,0.0666158388583118,0.5639470287345728,0.0,0.17133325141283887,0.5,0.0,0.19,-0.06394702873457281,0.0,0.018666748587161136,0.0,1.3480720186471404,0.0,-0.7518669405510646,0.0,0.04719869479266854,0.0,0.0,0.0,0.5
209,0.06656038957607689,0.563876523377042,0.0,0.17128970278746658,0.5,0.0,0.19,-0.06387652337704197,0.0,0.018710297212533422,0.0,1.3480569027123774,0.0,-0.7522847343166364,0.0,0.046851003522833216,0.0,0.0,0.0,0.5
210,0.06650510763811064,0.5638066513190026,0.0,0.17124791773130515,0.5,0.0,0.19,-0.06380665131900265,0.0,0.018752082268694847,0.0,1.3480392382513096,0.0,-0.7527012023515685,0.0,0.04650348809793341,0.0,0.0,0.0,0.5
211,0.06644998731881413,0.5637373954873575,0.0,0.17120784123207922,0.5,0.0,0.19,-0.06373739548735746,0.0,0.018792158767920786,0.0,1.348019103051651,0.0,-0.7531163800835029,0.0,0.046156162494348854,0.0,0.0,0.0,0.5
212,0.0663950232215231,0.5636687393069801,0.0,0.17116941998645835,0.5,0.0,0.19,-0.06366873930698014,0.0,0.018830580013541653,0.0,1.3479965725053096,0.0,-0.7535303018517188,0.0,0.045809040225949706,0.0,0.0,0.0,0.5
213,0.06634021025890684,0.5636006666866414,0.0,0.17113260234662164,0.5,0.0,0.19,-0.06360066668664144,0.0,0.01886739765337836,0.0,1.3479717196824397,0.0,-0.7539430009408933,0.0,0.04546213435812572,0.0,0.0,0.0,0.5
214,0.06628554363453269,0.5635331620052917,0.0,0.1710973382685163,0.5,0.0,0.19,-0.06353316200529169,0.0,0.018902661731483694,0.0,1.3479446154031998,0.0,-0.7543545096138081,0.0,0.045115457521395466,0.0,0.0,0.0,0.5
215,0.06623101882553126,0.5634662100986951,0.0,0.1710635792617463,0.5,0.0,0.19,-0.06346621009869513,0.0,0.01893642073825369,0.0,1.347915328307281,0.0,-0.754764859143034,0.0,0.04476902192460798,0.0,0.0,0.0,0.5
216,0.06617663156629508,0.5633997962464109,0.0,0.1710312783410493,0.5,0.0,0.19,-0.0633997962464109,0.0,0.018968721658950694,0.0,1.3478839249212797,0.0,-0.7551740798416262,0.0,0.04442283936774876,0.0,0.0,0.0,0.5
217,0.06612237783315127,0.5633339061591135,0.0,0.17100038997930167,0.5,0.0,0.19,-0.0633339061591135,0.0,0.018999610020698332,0.0,1.3478504697239806,0.0,-0.7555822010928607,0.0,0.04407692125436195,0.0,0.0,0.0,0.5
218,0.06606825382994669,0.5632685259662442,0.0,0.17097087006200898,0.5,0.0,0.19,-0.06326852596624422,0.0,0.019029129937991024,0.0,1.3478150252096128,0.0,-0.7559892513790434,0.0,0.04373127860359993,0.0,0.0,0.0,0.5
219,0.06601425597449578,0.5632036422039904,0.0,0.17094267584322997,0.5,0.0,0.19,-0.06320364220399044,0.0,0.019057324156770028,0.0,1.3477776519491471,0.0,-0.7563952583094203,0.0,0.043385922061911386,0.0,0.0,0.0,0.5
220,0.06596038088583468,0.5631392418035815,0.0,0.17091576590289131,0.5,0.0,0.19,-0.06313924180358155,0.0,0.019084234097108688,0.0,1.34773840864969,0.0,-0.7568002486472164,0.0,0.043040861914378566,0.0,0.0,0.0,0.5
221,0.06590662537223876,0.5630753120798998,0.0,0.17089010010544609,0.5,0.0,0.19,-0.0630753120798998,0.0,0.019109899894553917,0.0,1.3476973522120386,0.0,-0.7572042483358319,0.0,0.04269610809571414,0.0,0.0,0.0,0.5
222,0.06585298641995317,0.5630118407203943,0.0,0.170865639559834,0.5,0.0,0.19,-0.06301184072039434,0.0,0.019134360440166004,0.0,1.3476545377864504,0.0,-0.7576072825242219,0.0,0.04235167020092771,0.0,0.0,0.0,0.5
223,0.06579946118259952,0.5629488157742977,0.0,0.17084234658070166,0.5,0.0,0.19,-0.06294881577429767,0.0,0.019157653419298343,0.0,1.347610018826685,0.0,-0.7580093755914851,0.0,0.04200755749567183,0.0,0.0,0.0,0.5
224,0.06574604697120966,0.5628862256421292,0.0,0.17082018465084403,0.5,0.0,0.19,-0.0628862256421292,0.0,0.01917981534915597,0.0,1.3475638471423712,0.0,-0.7584105511706857,0.0,0.041663778926276984,0.0,0.0,0.0,0.5
225,0.06569274124486144,0.5628240590654914,0.0,0.1707991183848249,0.5,0.0,0.19,-0.06282405906549138,0.0,0.01920088161517511,0.0,1.3475160729497508,0.0,-0.7588108321719345,0.0,0.041320343129484904,0.0,0.0,0.0,0.5
226,0.06563954160186794,0.5627623051171391,0.0,0.170779113493741,0.5,0.0,0.19,-0.0627623051171391,0.0,0.019220886506259,0.0,1.347466744920853,0.0,-0.75921024080475,0.0,0.04097725844188906,0.0,0.0,0.0,0.5
227,0.06558644577149667,0.5627009531913261,0.0,0.17076013675109383,0.5,0.0,0.19,-0.06270095319132607,0.0,0.01923986324890617,0.0,1.3474159102311427,0.0,-0.7596087985997241,0.0,0.04063453290909112,0.0,0.0,0.0,0.5
228,0.0655334516061804,0.5626399929944146,0.0,0.17074215595973216,0.5,0.0,0.19,-0.06263999299441458,0.0,0.01925784404026784,0.0,1.3473636146056953,0.0,-0.760006526429513,0.0,0.04029217429458183,0.0,0.0,0.0,0.5
229,0.06548055707419774,0.5625794145357497,0.0,0.17072513991983157,0.5,0.0,0.19,-0.06257941453574967,0.0,0.019274860080168432,0.0,1.3473099023639408,0.0,-0.7604034445291757,0.0,0.03995019008835452,0.0,0.0,0.0,0.5
230,0.06542776025278445,0.5625192081187809,0.0,0.17070905839787998,0.5,0.0,0.19,-0.06251920811878087,0.0,0.019290941602120026,0.0,1.347254816463023,0.0,-0.7607995725158786,0.0,0.03960858751525923,0.0,0.0,0.0,0.5
231,0.06537505932166221,0.5624593643324374,0.0,0.17069388209663314,0.5,0.0,0.19,-0.06245936433243737,0.0,0.019306117903366865,0.0,1.347198398539817,0.0,-0.761194929407988,0.0,0.03926737354310519,0.0,0.0,0.0,0.5
232,0.06532245255695104,0.5623998740427425,0.0,0.17067958262601474,0.5,0.0,0.19,-0.0623998740427425,0.0,0.019320417373985266,0.0,1.3471406889516455,0.0,-0.7615895336435694,0.0,0.03892655489051912,0.0,0.0,0.0,0.5
233,0.06526993832544636,0.5623407283846638,0.0,0.17066613247492496,0.5,0.0,0.19,-0.06234072838466376,0.0,0.019333867525075044,0.0,1.3470817268157351,0.0,-0.7619834030983103,0.0,0.038586138034566786,0.0,0.0,0.0,0.5
234,0.06521751507923743,0.5622819187541932,0.0,0.17065350498393472,0.5,0.0,0.19,-0.0622819187541932,0.0,0.01934649501606528,0.0,1.3470215500474527,0.0,-0.762376555102887,0.0,0.0382461292181447,0.0,0.0,0.0,0.5
235,0.0651651813506468,0.5622234368006506,0.0,0.17064167431883298,0.5,0.0,0.19,-0.06222343680065057,0.0,0.01935832568116702,0.0,1.346960195397358,0.0,-0.7627690064597922,0.0,0.03790653445714901,0.0,0.0,0.0,0.5
236,0.06511293574747386,0.5621652744192066,0.0,0.17063061544500197,0.5,0.0,0.19,-0.062165274419206606,0.0,0.019369384554998037,0.0,1.3468976984871108,0.0,-0.763160773459638,0.0,0.037567359547428146,0.0,0.0,0.0,0.5
237,0.06506077694852158,0.5621074237436182,0.0,0.17062030410259427,0.5,0.0,0.19,-0.06210742374361822,0.0,0.019379695897405735,0.0,1.3468340938442667,0.0,-0.7635518718969547,0.0,0.037228610071525725,0.0,0.0,0.0,0.5
238,0.06500870369938984,0.5620498771391702,0.0,0.17061071678248663,0.5,0.0,0.19,-0.062049877139170206,0.0,0.019389283217513376,0.0,1.3467694149359974,0.0,-0.7639423170854978,0.0,0.03689029140522001,0.0,0.0,0.0,0.5
239,0.0649567148085206,0.5619926271958189,0.0,0.17060183070298396,0.5,0.0,0.19,-0.061992627195818883,0.0,0.019398169297016044,0.0,1.346703694201769,0.0,-0.7643321238730795,0.0,0.03655240872386601,0.0,0.0,0.0,0.5
