iteration,distance,ee_x,ee_y,ee_z,target_x,target_y,target_z,qpos_0,qpos_1,qpos_2,qpos_3,qpos_4,qpos_5,qpos_6,qpos_7,qpos_8,qpos_9
0,0.843469027291459,0.08799999999999993,0.0,0.926,0.5,0.0,0.19,0.0,0.0,0.0,0.0,0.0,0.0,0.0,0.0,0.0,0.5
1,0.8217230371220134,0.12298452917346488,1.7331525840801138e-16,0.9201288136311783,0.5,0.0,0.19,5.077421151316861e-16,0.03,5.077421151316861e-16,-0.0698,5.077421151316861e-16,-0.0175,0.0,0.0,0.0,0.5
2,0.8102729536266285,0.14054041273410522,5.964163526156277e-16,0.916175643010321,0.5,0.0,0.19,1.884661368814851e-15,0.06,1.650497202594037e-15,-0.0698,1.7754300746110854e-15,-0.0175,-1.9023756538196525e-31,0.0,0.0,0.5
3,0.798643943039224,0.15796981940947813,1.2460343416061021e-15,0.9116976536739291,0.5,0.0,0.19,3.795983322848262e-15,0.09,2.8972470516784965e-15,-0.0698,2.5921257183741235e-15,-0.0175,-1.9023756538196525e-31,0.0,0.0,0.5
4,0.7868387717301756,0.17525706391002546,1.697485240479511e-15,0.9066988755101505,0.5,0.0,0.19,5.775616920258377e-15,0.12,4.079597530556226e-15,-0.0698,3.692438716780735e-15,-0.0175,8.86308330032618e-19,0.0,0.0,0.5
5,0.7748602571785793,0.1923865888825506,2.5128668579540513e-15,0.9011838070819251,0.5,0.0,0.19,8.25840738506975e-15,0.15,5.18608767311125e-15,-0.0698,3.815874110274163e-15,-0.0175,8.863083300344361e-19,0.0,0.0,0.5
6,0.7627112684447906,0.2093429789107867,2.917982515678849e-15,0.8951574115785824,0.5,0.0,0.19,9.568236871391624e-15,0.18,5.0957887811570035e-15,-0.0698,3.545494507266644e-15,-0.0175,6.547151255247333e-18,0.0,0.0,0.5
7,0.7503947267642844,0.22611097438823025,2.6817227105881534e-15,0.8886251123493059,0.5,0.0,0.19,8.984771996576867e-15,0.21,4.279766289791856e-15,-0.0698,2.6426869907694507e-15,-0.0175,6.547151255251534e-18,0.0,0.0,0.5
8,0.7379136062816888,0.24267548525075727,2.2671079687502513e-15,0.881592788022485,0.5,0.0,0.19,7.43528301399812e-15,0.24,2.9340579186036876e-15,-0.0698,1.0889469951282714e-15,-0.0175,6.547151255254196e-18,0.0,0.0,0.5
9,0.725270934947003,0.2590216045566624,1.3504246894519928e-15,0.874066767215346,0.5,0.0,0.19,4.750676786765643e-15,0.27,1.5099562069525164e-15,-0.0698,-4.287337015097231e-16,-0.0175,6.547151255257744e-18,0.0,0.0,0.5
10,0.7124697955997293,0.2751346219019004,5.479770655092524e-16,0.8660538228386248,0.5,0.0,0.19,2.2623103405416558e-15,0.30000000000000004,2.7990430061464145e-16,-0.0698,-1.476706065922691e-15,-0.0175,-6.701061209283687e-19,0.0,0.0,0.5
11,0.6995133272711237,0.29100003665845664,-2.3493341881139446e-16,0.8575611660014022,0.5,0.0,0.19,1.279937900488037e-16,0.33000000000000007,-6.556738036154982e-16,-0.0698,-1.9060223368057493e-15,-0.0175,3.923295476163107e-19,0.0,0.0,0.5
12,0.6864047267401475,0.3066035710239334,-7.48111619917148e-16,0.8485964395215949,0.5,0.0,0.19,-1.387504148649414e-15,0.3600000000000001,-9.818414634196834e-16,-0.0698,-2.1079889953082947e-15,-0.0175,3.9232954761616946e-19,0.0,0.0,0.5
13,0.6731472503851398,0.3219311828706088,-8.728230451514556e-16,0.8391677110479338,0.5,0.0,0.19,-2.0890973630170116e-15,0.3900000000000001,-9.874864829442342e-16,-0.0698,-2.0925618505556333e-15,-0.0175,-7.61248609853898e-18,0.0,0.0,0.5
14,0.6597442163810632,0.3369690783824034,-1.1757250553736773e-15,0.829283465799625,0.5,0.0,0.19,-2.3763974175420658e-15,0.42000000000000015,-8.764933291698582e-16,-0.0698,-1.6262177657500488e-15,-0.0175,-7.612486098541382e-18,0.0,0.0,0.5
15,0.6461990073016465,0.3517037244683846,-8.412413220993459e-16,0.8189525989302252,0.5,0.0,0.19,-1.949094462069319e-15,0.4500000000000002,-5.594943462900989e-16,-0.0698,-1.4333798793601203e-15,-0.0175,-6.382032498229578e-18,0.0,0.0,0.5
16,0.6325150731973155,0.3661218609416332,-6.898950668455627e-16,0.8081844075226049,0.5,0.0,0.19,-1.6964112924587099e-15,0.4800000000000002,-2.5955266403356824e-16,-0.0698,-1.2340433433917035e-15,-0.0175,2.1030076272885208e-18,0.0,0.0,0.5
17,0.6186959352339436,0.3802105124525187,-6.372348168387793e-16,0.7969885822221996,0.5,0.0,0.19,-1.4164915329451301e-15,0.5100000000000002,-8.71064605746753e-17,-0.0698,-1.3217567917478343e-15,-0.0175,2.103007627287444e-18,0.0,0.0,0.5
18,0.6047451899948748,0.3939570001656367,-5.667562031541181e-16,0.785375198516084,0.5,0.0,0.19,-1.2258265936359761e-15,0.5400000000000003,8.845408906515865e-17,-0.0698,-1.0465493427777157e-15,-0.0175,-6.54347922277723e-18,0.0,0.0,0.5
19,0.5906665145701617,0.40734895316990516,-4.596702020534179e-16,0.7733547076657139,0.5,0.0,0.19,-9.603940273356616e-16,0.5700000000000003,2.18099271553804e-16,-0.0698,-7.56618288593387e-16,-0.0175,-8.035787894938221e-19,0.0,0.0,0.5
20,0.5764636725836685,0.42037431961155014,-3.8266852841977344e-16,0.7609379273014952,0.5,0.0,0.19,-6.75795080500887e-16,0.6000000000000003,2.877085841273144e-16,-0.0698,-5.581176096004992e-16,-0.0175,-6.212227616104986e-18,0.0,0.0,0.5
21,0.5621405213420226,0.4330213775399603,-9.325310803315678e-17,0.7481360316876491,0.5,0.0,0.19,-4.763617036136726e-16,0.6300000000000003,3.367984518573073e-16,-0.0698,-3.674353010083778e-16,-0.0175,-6.212227616106049e-18,0.0,0.0,0.5
22,0.5477010203311979,0.4452787454566507,-2.693648822133323e-16,0.7349605416661258,0.5,0.0,0.19,-5.275196766942167e-16,0.6600000000000004,3.250720087993611e-16,-0.0698,-2.6628438613926913e-16,-0.0175,-6.2122276161062186e-18,0.0,0.0,0.5
23,0.5331492413393054,0.4571353925578433,-3.708873039208808e-17,0.7214233142886252,0.5,0.0,0.19,-3.5102513093708757e-16,0.6900000000000004,3.061005280092729e-16,-0.0698,-1.9810135026550214e-16,-0.0175,2.7128709280085183e-18,0.0,0.0,0.5
24,0.5184893805511326,0.4685806486614475,-4.6764700961713e-17,0.7075365321460523,0.5,0.0,0.19,-3.614599846629879e-16,0.7200000000000004,2.810878496280238e-16,-0.0698,-1.3243592647086408e-16,-0.0175,-5.760983549362171e-18,0.0,0.0,0.5
25,0.503725773045517,0.47960421380950113,-3.689662066386525e-17,0.693312692405005,0.5,0.0,0.19,-3.76016572131699e-16,0.7500000000000004,2.36285042539847e-16,-0.0698,-8.147302609214898e-17,-0.0175,-1.4124832842792814e-17,0.0,0.0,0.5
26,0.48886291023663164,0.4901961675374398,-6.770583280266195e-17,0.678764595561171,0.5,0.0,0.19,-3.9089561909605647e-16,0.7800000000000005,2.0910580172976558e-16,-0.0698,-2.0566724677917773e-17,-0.0175,-1.4124832842792953e-17,0.0,0.0,0.5
27,0.473905460942556,0.5003469778018432,-7.401519032335651e-17,0.6639053339197413,0.5,0.0,0.19,-3.8901043259283084e-16,0.8100000000000005,1.8327625731730615e-16,-0.0698,7.812929277031968e-18,-0.0175,-7.463313729495835e-18,0.0,0.0,0.5
28,0.45885829695007485,0.5100475095586328,-2.7071582042312774e-16,0.6487482798132242,0.5,0.0,0.19,-4.3395573661107365e-16,0.8400000000000005,1.5644749508062084e-16,-0.0698,3.8389915737646295e-17,-0.0175,-7.46331372949594e-18,0.0,0.0,0.5
29,0.44372652418827974,0.5192890329839936,-1.0139553617696019e-16,0.6333070735672446,0.5,0.0,0.19,-3.475893784372526e-16,0.8700000000000006,1.0322387608881486e-16,-0.0698,3.957694583647795e-17,-0.0175,-7.463313729496485e-18,0.0,0.0,0.5
30,0.42851552094614537,0.5280632313306269,-2.3118411544581216e-16,0.6175956112251739,0.5,0.0,0.19,-4.053796203841948e-16,0.9000000000000006,8.513655244133095e-17,-0.0698,3.044448852473651e-17,-0.0175,-7.463313729496662e-18,0.0,0.0,0.5
31,0.4132309849997984,0.5363622084122618,-2.5629454546885656e-16,0.601628032042628,0.5,0.0,0.19,-3.59581170070808e-16,0.9300000000000006,5.860809782483862e-17,-0.0698,3.6558081064221485e-17,-0.0175,-8.518654272179846e-18,0.0,0.0,0.5
32,0.39787899209499544,0.5441784957096885,-1.043501921278636e-16,0.5854187057630917,0.5,0.0,0.19,-3.126401971960958e-16,0.9600000000000006,2.5939506681855935e-17,-0.0698,4.252157375201559e-18,-0.0175,-8.518654272180349e-18,0.0,0.0,0.5
33,0.38246606901826113,0.551505059091923,-2.566176251021181e-16,0.5689822196861204,0.5,0.0,0.19,-4.130312941947414e-16,0.9900000000000007,2.5034504897470848e-17,-0.0698,4.3864195044497076e-18,-0.0175,-4.615601598265777e-18,0.0,0.0,0.5
34,0.3669992855713673,0.5583353051464491,-1.1194649900891725e-16,0.5523333655397535,0.5,0.0,0.19,-3.1542563050373613e-16,1.0200000000000007,1.130341909475436e-17,-0.0698,-1.7804601325902863e-17,-0.0175,-4.615601598266144e-18,0.0,0.0,0.5
35,0.35148637126274146,0.5646630871128463,-2.2522789698791656e-16,0.535487126168959,0.5,0.0,0.19,-4.0536735280673224e-16,1.0500000000000007,-4.1259731223304574e-18,-0.0698,-3.043056947907478e-17,-0.0175,-1.1014233911250803e-17,0.0,0.0,0.5
36,0.33593586462956376,0.5704827104144569,-2.5701226551731496e-16,0.5184586620520829,0.5,0.0,0.19,-3.7282659495610034e-16,1.0800000000000007,3.90707294935726e-17,-0.0698,-1.3291501004585906e-17,-0.0175,-1.1014233911251291e-17,0.0,0.0,0.5
37,0.3203573060800719,0.575788937783122,-2.6837398994341445e-16,0.5012632976574446,0.5,0.0,0.19,-3.18975090583481e-16,1.1100000000000008,1.0815757447856752e-17,-0.0698,-3.713383725775531e-17,-0.0175,-1.1515268345687584e-17,0.0,0.0,0.5
38,0.30476148941126885,0.5805769939723697,-6.336454764024388e-17,0.4839165076523461,0.5,0.0,0.19,-2.7342497719454946e-16,1.1400000000000008,5.3573350307104267e-17,-0.0698,-6.637193509182381e-18,-0.0175,-9.30747946183654e-18,0.0,0.0,0.5
39,0.28916079334612244,0.5848425700548137,-3.151406236532104e-16,0.46643390297691956,0.5,0.0,0.19,-3.667695564814923e-16,1.1700000000000008,2.496241152730036e-17,-0.0698,-3.54932922992926e-17,-0.0175,-7.37620134082568e-18,0.0,0.0,0.5
40,0.2735696235248733,0.5885818272998978,-2.734992253041573e-16,0.44883121679533167,0.5,0.0,0.19,-2.9611299465364864e-16,1.2000000000000008,8.773551419325381e-17,-0.0698,-4.829720337990137e-17,-0.0175,-7.376201340826154e-18,0.0,0.0,0.5
41,0.2580050089046001,0.5917914006284931,-5.690272685620886e-17,0.4311242903370008,0.5,0.0,0.19,-2.0897997169973458e-16,1.2300000000000009,1.3324753111833036e-16,-0.0698,-4.6560083149278744e-17,-0.0175,-8.648846579435211e-18,0.0,0.0,0.5
42,0.24248741687338962,0.5944684016412443,-2.4093610947867125e-16,0.4133290586405576,0.5,0.0,0.19,-3.4578201529559023e-16,1.260000000000001,9.185364027904612e-17,-0.0698,-8.911712336205276e-17,-0.0175,-6.215810266140742e-18,0.0,0.0,0.5
43,0.22704188237210934,0.5966104212179314,-2.893149106163332e-16,0.3954615362133862,0.5,0.0,0.19,-3.130667330128708e-16,1.290000000000001,7.723354718668653e-17,-0.0698,-1.167154006068285e-16,-0.0175,-7.380004681669546e-18,0.0,0.0,0.5
44,0.21169959394310586,0.5982155316855178,-3.2507851457256485e-17,0.3775378026196504,0.5,0.0,0.19,-2.3068865348675244e-16,1.320000000000001,1.1892125490347102e-16,-0.0698,-2.5584869215744587e-18,-0.0175,-7.380004681669746e-18,0.0,0.0,0.5
45,0.19650015325653863,0.5992822885529242,-2.777248990778994e-16,0.35957398800976836,0.5,0.0,0.19,-3.1722335085350026e-16,1.350000000000001,1.0700814996595073e-16,-0.0698,7.63714250085257e-18,-0.0175,-7.38000468166976e-18,0.0,0.0,0.5
46,0.181494838388999,0.5998097318109741,-7.236914161203004e-17,0.34158625860436787,0.5,0.0,0.19,-2.2207752755439645e-16,1.380000000000001,1.2503441256153278e-16,-0.0698,4.6581391291365314e-17,-0.0175,-6.8874647177807255e-18,0.0,0.0,0.5
47,0.16675137429517675,0.5997973867963365,-1.4063142424108223e-16,0.32359080214577846,0.5,0.0,0.19,-2.701655744381487e-16,1.410000000000001,1.0771829298077637e-16,-0.0698,5.621150253405163e-17,-0.0175,-6.887464717780787e-18,0.0,0.0,0.5
48,0.1523609668048463,0.5992452646186907,-1.4190994795331042e-16,0.30560381333015596,0.5,0.0,0.19,-2.6031052606048567e-16,1.440000000000001,1.1707623426330662e-16,-0.0698,5.631344079315951e-17,-0.0175,-6.887464717780964e-18,0.0,0.0,0.5
49,0.1384486876860203,0.5981538621507305,-1.5504192567660425e-16,0.2876414792333493,0.5,0.0,0.19,-2.593245664263027e-16,1.470000000000001,1.110852833509322e-16,-0.0698,8.577148622773877e-17,-0.0175,-6.887464717781148e-18,0.0,0.0,0.5
50,0.1251886039048338,0.5965241615810087,-7.435876250609103e-17,0.2697199647436242,0.5,0.0,0.19,-2.2762463416696756e-16,1.500000000000001,1.0790330664790041e-16,-0.0698,9.834595116606222e-17,-0.0175,-6.917611867709353e-18,0.0,0.0,0.5
51,0.11282487542223207,0.5943576295300375,-1.4118890258128682e-16,0.25185539801435597,0.5,0.0,0.19,-2.839513096079094e-16,1.5300000000000011,8.848395981313426e-17,-0.0698,7.680383393233445e-17,-0.0175,-6.881569240280912e-18,0.0,0.0,0.5
52,0.10169801022234931,0.5916562157304253,-1.445280072852464e-16,0.23406385594977827,0.5,0.0,0.19,-2.5061345937465627e-16,1.5600000000000012,9.374487376341696e-17,-0.0698,8.64835132525578e-17,-0.0175,-6.639891319242435e-18,0.0,0.0,0.5
53,0.09226826629162611,0.5884223512722523,-1.740838933053333e-16,0.21636134973685628,0.5,0.0,0.19,-2.4048135134848876e-16,1.5900000000000012,8.962443787336509e-17,-0.0698,1.2045401169574308e-16,-0.0175,-6.639891319242567e-18,0.0,0.0,0.5
54,0.08511134813586109,0.5846589464152512,-3.7220836632871885e-17,0.19876381043629848,0.5,0.0,0.19,-2.095074954880486e-16,1.6200000000000012,9.533409421619041e-17,-0.0698,9.62045503444836e-17,-0.0175,-6.578283765668826e-18,0.0,0.0,0.5
55,0.08084029682569023,0.5803693879697718,-2.405928596429463e-16,0.18128707464567695,0.5,0.0,0.19,-2.607403483863526e-16,1.6500000000000012,8.953693577663246e-17,-0.0698,6.766941391273836e-17,-0.0175,-7.105670444619685e-18,0.0,0.0,0.5
56,0.07992313090650266,0.5755575362488776,-4.627700011169131e-17,0.1639468702475594,0.5,0.0,0.19,-1.5523892863562042e-16,1.6800000000000013,1.0832192771113113e-16,-0.0698,6.565723862218123e-17,-0.0175,-7.105670444619834e-18,0.0,0.0,0.5
57,0.08247262614171808,0.5702277215943281,-5.575893008619179e-17,0.1467588022554747,0.5,0.0,0.19,-2.0938310440870497e-16,1.7100000000000013,1.0363870065646256e-16,-0.0698,6.391851655016967e-17,-0.0175,-7.818751330122798e-18,0.0,0.0,0.5
58,0.0881865217636147,0.5643847404795597,-5.813794933905004e-17,0.1297383387704567,0.5,0.0,0.19,-2.18274770904364e-16,1.7400000000000013,9.305647408076434e-17,-0.0698,5.56434236590881e-17,-0.0175,-7.128640761735411e-18,0.0,0.0,0.5
59,0.09430113242559483,0.5596040875875166,-5.96134610010577e-17,0.11692431102200111,0.5,0.0,0.19,-2.4425997844614907e-16,1.7628,8.12987273588011e-17,-0.0698,7.681537026393075e-17,-0.0175,-7.128640761735457e-18,0.0,0.0,0.5
60,0.09430113242559482,0.5596040875875166,-2.4997524851094555e-16,0.11692431102200113,0.5,0.0,0.19,-2.587287381985497e-16,1.7628,7.225799699365207e-17,-0.0698,5.774234372925481e-17,-0.0175,-6.1421375207734964e-18,0.0,0.0,0.5
61,0.09430113242559483,0.5596040875875166,-7.557539524496584e-17,0.11692431102200111,0.5,0.0,0.19,-1.4860690849426705e-16,1.7628,9.289848078239618e-17,-0.0698,5.886106501279832e-17,-0.0175,-6.8244106443284705e-18,0.0,0.0,0.5
62,0.09430113242559483,0.5596040875875166,-7.605798354729631e-17,0.11692431102200111,0.5,0.0,0.19,-1.5164482725077242e-16,1.7628,8.70489256026328e-17,-0.0698,4.332603642758943e-17,-0.0175,-7.506683767883275e-18,0.0,0.0,0.5
63,0.09430113242559483,0.5596040875875166,-7.657401398916304e-17,0.11692431102200111,0.5,0.0,0.19,-1.5432394618906995e-16,1.7628,8.079401115576342e-17,-0.0698,2.826618509335502e-17,-0.0175,-7.884726774030832e-18,0.0,0.0,0.5
64,0.09430113242559483,0.5596040875875166,-7.708398886272552e-17,0.11692431102200111,0.5,0.0,0.19,-1.5661305187335723e-16,1.7628,7.461249753682445e-17,-0.0698,1.3266350562536451e-17,-0.0175,-8.566999897585638e-18,0.0,0.0,0.5
65,0.09430113242559483,0.5596040875875166,-7.757244807940687e-17,0.11692431102200111,0.5,0.0,0.19,-1.5862900036551028e-16,1.7628,6.869177975886864e-17,-0.0698,-1.2714857480206064e-18,-0.0175,-9.249273021140443e-18,0.0,0.0,0.5
66,0.09430113242559483,0.5596040875875166,-7.805504848813911e-17,0.11692431102200111,0.5,0.0,0.19,-1.6026760809655893e-16,1.7628,6.284207783484127e-17,-0.0698,-1.5751255349184783e-17,-0.0175,-9.931546144695248e-18,0.0,0.0,0.5
67,0.09430113242559483,0.5596040875875166,-7.851633053194874e-17,0.11692431102200111,0.5,0.0,0.19,-1.6164576536667463e-16,1.7628,5.725078033411861e-17,-0.0698,-2.9770982092836614e-17,-0.0175,-1.0613819268250055e-17,0.0,0.0,0.5
68,0.09430113242559483,0.5596040875875166,-7.89558266676036e-17,0.11692431102200111,0.5,0.0,0.19,-1.627333597160202e-16,1.7628,5.192355444739316e-17,-0.0698,-4.363026227031761e-17,-0.0175,-1.0991862274397614e-17,0.0,0.0,0.5
69,0.09430113242559483,0.5596040875875166,-7.939055540876363e-17,0.11692431102200111,0.5,0.0,0.19,-1.6351390657673258e-16,1.7628,4.665411516060471e-17,-0.0698,-5.713806263163077e-17,-0.0175,-1.167413539795242e-17,0.0,0.0,0.5
70,0.09430113242559483,0.5596040875875166,-7.980369775232743e-17,0.11692431102200111,0.5,0.0,0.19,-1.640167401384158e-16,1.7628,4.164632917801327e-17,-0.0698,-7.048739377809145e-17,-0.0175,-1.2052178404099981e-17,0.0,0.0,0.5
71,0.09430113242559483,0.5596040875875166,-8.02122727509887e-17,0.11692431102200111,0.5,0.0,0.19,-1.6422541055006546e-16,1.7628,3.669390495181616e-17,-0.0698,-8.348722780207207e-17,-0.0175,-1.2052178404100037e-17,0.0,0.0,0.5
72,0.09430113242559483,0.5596040875875166,-8.061558686733981e-17,0.11692431102200111,0.5,0.0,0.19,-1.6409525003360825e-16,1.7628,3.18052489960451e-17,-0.0698,-9.643492116417952e-17,-0.0175,-1.2052178404100092e-17,0.0,0.0,0.5
73,0.09430113242559483,0.5596040875875166,-8.099818215987112e-17,0.11692431102200111,0.5,0.0,0.19,-1.63743252934335e-16,1.7628,2.716773029869592e-17,-0.0698,-1.0892851372717454e-16,-0.0175,-1.2052178404100149e-17,0.0,0.0,0.5
74,0.09430113242559483,0.5596040875875166,-8.137571763038274e-17,0.11692431102200111,0.5,0.0,0.19,-1.63065374340302e-16,1.7628,2.259154277734296e-17,-0.0698,-1.2137195833902495e-16,-0.0175,-1.2052178404100206e-17,0.0,0.0,0.5
75,0.09430113242559482,0.5596040875875166,-1.0353663109029121e-16,0.11692431102200113,0.5,0.0,0.19,-1.621786435833277e-16,1.7628,1.826404883548763e-17,-0.0698,-1.333633002463586e-16,-0.0175,-1.2052178404100263e-17,0.0,0.0,0.5
76,0.09430113242559482,0.5596040875875166,-1.0345762924223879e-16,0.11692431102200113,0.5,0.0,0.19,-1.4088916213270667e-16,1.7628,1.92216469936985e-17,-0.0698,-1.3765286923044112e-16,-0.0175,-1.1369905280545598e-17,0.0,0.0,0.5
77,0.09430113242559482,0.5596040875875166,-1.0337446397942683e-16,0.11692431102200113,0.5,0.0,0.19,-1.1933153294489815e-16,1.7628,2.0229710785358607e-17,-0.0698,-1.4190117456549707e-16,-0.0175,-1.0687632156990933e-17,0.0,0.0,0.5
78,0.09430113242559479,0.5596040875875166,-1.516262283535792e-17,0.11692431102200117,0.5,0.0,0.19,-9.750503154354972e-17,1.7628,2.128837655753702e-17,-0.0698,-1.4610810476620033e-16,-0.0175,-1.0005359033436268e-17,0.0,0.0,0.5
79,0.09430113242559482,0.5596040875875166,-7.669075651826472e-17,0.11692431102200113,0.5,0.0,0.19,-1.797880844636513e-16,1.7628,7.619632584227144e-18,-0.0698,-1.557423639214697e-16,-0.0175,-9.323085909881502e-18,0.0,0.0,0.5
80,0.09430113242559482,0.5596040875875166,-7.759951705230848e-17,0.11692431102200113,0.5,0.0,0.19,-2.0251951139699683e-16,1.7628,-3.3956466163033197e-18,-0.0698,-1.4374723728987487e-16,-0.0175,-9.323085909881556e-18,0.0,0.0,0.5
81,0.09430113242559482,0.5596040875875166,-7.848656139135142e-17,0.11692431102200113,0.5,0.0,0.19,-2.2496486533564555e-16,1.7628,-1.4147699210763215e-17,-0.0698,-1.3128812490252995e-16,-0.0175,-9.32308590988161e-18,0.0,0.0,0.5
82,0.09430113242559483,0.5596040875875166,-2.4716413415981324e-16,0.11692431102200111,0.5,0.0,0.19,-2.471378376070792e-16,1.7628,-2.463910191869294e-17,-0.0698,-1.1836713363580784e-16,-0.0175,-9.323085909881666e-18,0.0,0.0,0.5
83,0.09430113242559482,0.5596040875875166,-7.799812845211287e-17,0.11692431102200113,0.5,0.0,0.19,-1.5977250741833137e-16,1.7628,-8.227299947265711e-18,-0.0698,-8.83753002406707e-17,-0.0175,-9.323085909881858e-18,0.0,0.0,0.5
84,0.09430113242559482,0.5596040875875166,-7.88541248836601e-17,0.11692431102200113,0.5,0.0,0.19,-1.8133077267345596e-16,1.7628,-1.860301426905018e-17,-0.0698,-7.535971539340534e-17,-0.0175,-9.323085909881914e-18,0.0,0.0,0.5
85,0.09430113242559482,0.5596040875875166,-7.968880506669095e-17,0.11692431102200113,0.5,0.0,0.19,-2.0262872377632339e-16,1.7628,-2.872034982093928e-17,-0.0698,-6.188410866435323e-17,-0.0175,-9.323085909881971e-18,0.0,0.0,0.5
86,0.09430113242559482,0.5596040875875166,-8.050238266113516e-17,0.11692431102200113,0.5,0.0,0.19,-2.2368012164915607e-16,1.7628,-3.8581896420263134e-17,-0.0698,-4.7950597639404983e-17,-0.0175,-9.323085909882028e-18,0.0,0.0,0.5
87,0.09430113242559482,0.5596040875875166,-5.728162590547339e-17,0.11692431102200113,0.5,0.0,0.19,-2.4437843225733793e-16,1.7628,-4.8849877394157563e-17,-0.0698,-3.3542788434129994e-17,-0.0175,-9.323085909882086e-18,0.0,0.0,0.5
88,0.09430113242559482,0.5596040875875166,-2.261163270747706e-16,0.11692431102200113,0.5,0.0,0.19,-2.717210263425052e-16,1.7628,-6.124586677887959e-17,-0.0698,-2.464678108784436e-17,-0.0175,-9.627316027289371e-18,0.0,0.0,0.5
89,0.09430113242559482,0.5596040875875166,-5.739371961821797e-17,0.11692431102200113,0.5,0.0,0.19,-2.0433749538053412e-16,1.7628,-5.020858906378916e-17,-0.0698,-1.2635189852554265e-18,-0.0175,-9.627316027289564e-18,0.0,0.0,0.5
90,0.09430113242559482,0.5596040875875166,-5.840516924477196e-17,0.11692431102200113,0.5,0.0,0.19,-2.3095748960704833e-16,1.7628,-6.24685845371706e-17,-0.0698,7.743684924785853e-18,-0.0175,-9.931546144696849e-18,0.0,0.0,0.5
91,0.09430113242559482,0.5596040875875166,-2.2720654774644313e-16,0.11692431102200113,0.5,0.0,0.19,-2.572664874381508e-16,1.7628,-7.44606627991533e-17,-0.0698,1.7218709903417926e-17,-0.0175,-1.0235776262104136e-17,0.0,0.0,0.5
92,0.09430113242559482,0.5596040875875166,-5.845148004092798e-17,0.11692431102200113,0.5,0.0,0.19,-1.8890490491954573e-16,1.7628,-6.302992752087987e-17,-0.0698,4.147667231499484e-17,-0.0175,-1.023577626210433e-17,0.0,0.0,0.5
93,0.09430113242559482,0.5596040875875166,-5.942997177236115e-17,0.11692431102200113,0.5,0.0,0.19,-2.1451479632887483e-16,1.7628,-7.489043335643351e-17,-0.0698,5.1059278593110707e-17,-0.0175,-1.0540006379511616e-17,0.0,0.0,0.5
94,0.09430113242559482,0.5596040875875166,-6.042483680270179e-17,0.11692431102200113,0.5,0.0,0.19,-2.397791311430532e-16,1.7628,-8.694940342116858e-17,-0.0698,6.123075778074729e-17,-0.0175,-1.1222279503066408e-17,0.0,0.0,0.5
95,0.09430113242559482,0.5596040875875166,-2.291308307377437e-16,0.11692431102200113,0.5,0.0,0.19,-2.648990579887281e-16,1.7628,-9.778530511794764e-17,-0.0698,7.184442274184994e-17,-0.0175,-1.1904552626621201e-17,0.0,0.0,0.5
96,0.09430113242559482,0.5596040875875166,-6.032171943105941e-17,0.11692431102200113,0.5,0.0,0.19,-1.9528190675498817e-16,1.7628,-8.569949588610941e-17,-0.0698,9.71355244943763e-17,-0.0175,-1.2208782744028645e-17,0.0,0.0,0.5
97,0.09430113242559482,0.5596040875875166,-6.120617324861519e-17,0.11692431102200113,0.5,0.0,0.19,-2.1978945932282774e-16,1.7628,-9.642014822011883e-17,-0.0698,1.0784342406487199e-16,-0.0175,-1.2891055867583438e-17,0.0,0.0,0.5
98,0.09430113242559482,0.5596040875875166,-6.206965990453784e-17,0.11692431102200113,0.5,0.0,0.19,-2.4405918093146907e-16,1.7628,-1.0688665314039342e-16,-0.0698,1.190078857132526e-16,-0.0175,-1.357332899113823e-17,0.0,0.0,0.5
99,0.09430113242559482,0.5596040875875166,-2.307244260469709e-16,0.11692431102200113,0.5,0.0,0.19,-2.6810489324778927e-16,1.7628,-1.1710161189645926e-16,-0.0698,1.3062678250599653e-16,-0.0175,-1.4255602114693025e-17,0.0,0.0,0.5
100,0.09430113242559483,0.5596040875875166,-4.011501502252578e-17,0.11692431102200111,0.5,0.0,0.19,-1.9731922152478955e-16,1.7628,-1.050593843851613e-16,-0.0698,1.5693762826942567e-16,-0.0175,-1.4255602114693222e-17,0.0,0.0,0.5
101,0.09430113242559483,0.5596040875875166,-4.150443923332139e-17,0.11692431102200111,0.5,0.0,0.19,-2.4053241415585567e-16,1.7628,-1.219008899705628e-16,-0.0698,1.6092910691924052e-16,-0.0175,-1.425560211469324e-17,0.0,0.0,0.5
102,0.09430113242559482,0.5596040875875166,-2.1555246148262988e-16,0.11692431102200113,0.5,0.0,0.19,-2.834965891464211e-16,1.7628,-1.3827675537541283e-16,-0.0698,1.6579883279453657e-16,-0.0175,-1.425560211469326e-17,0.0,0.0,0.5
103,0.09430113242559483,0.5596040875875166,-4.1879861731138896e-17,0.11692431102200111,0.5,0.0,0.19,-2.1307604461792437e-16,1.7628,-1.2645146570168403e-16,-0.0698,1.8902570435164577e-16,-0.0175,-1.3951371997286198e-17,0.0,0.0,0.5
104,0.09430113242559482,0.5596040875875166,-2.1591630921374282e-16,0.11692431102200113,0.5,0.0,0.19,-2.5529473839186034e-16,1.7628,-1.42687030904055e-16,-0.0698,1.940101478658133e-16,-0.0175,-1.3951371997286216e-17,0.0,0.0,0.5
105,0.09430113242559483,0.5596040875875166,-4.228652261036403e-17,0.11692431102200111,0.5,0.0,0.19,-1.8400636638421977e-16,1.7628,-1.3138068848017045e-16,-0.0698,2.1737056419525806e-16,-0.0175,-1.39513719972864e-17,0.0,0.0,0.5
106,0.09430113242559483,0.5596040875875166,-4.359813879096423e-17,0.11692431102200111,0.5,0.0,0.19,-2.2554599931244e-16,1.7628,-1.4727906642683963e-16,-0.0698,2.2287946801150686e-16,-0.0175,-1.4329415003433924e-17,0.0,0.0,0.5
107,0.09430113242559482,0.5596040875875166,-2.1750571520851905e-16,0.11692431102200113,0.5,0.0,0.19,-2.6693156495319466e-16,1.7628,-1.6195255811346383e-16,-0.0698,2.2883204401595587e-16,-0.0175,-1.4329415003433946e-17,0.0,0.0,0.5
108,0.09430113242559483,0.5596040875875166,-4.3827214896100083e-17,0.11692431102200111,0.5,0.0,0.19,-1.9473089978578945e-16,1.7628,-1.5005574648909237e-16,-0.0698,2.531727750674114e-16,-0.0175,-1.4025184886026887e-17,0.0,0.0,0.5
109,0.09430113242559483,0.5596040875875166,-4.933118219729556e-17,0.11692431102200111,0.5,0.0,0.19,-2.355148192268384e-16,1.7628,-1.6440662042259617e-16,-0.0698,2.593336683803864e-16,-0.0175,-1.4403227892174414e-17,0.0,0.0,0.5
110,0.09430113242559482,0.5596040875875166,-2.185348083218872e-16,0.11692431102200113,0.5,0.0,0.19,-2.5271063104071185e-16,1.7628,-1.7442641403307787e-16,-0.0698,2.704272559871424e-16,-0.0175,-1.3720954768619693e-17,0.0,0.0,0.5
111,0.09430113242559483,0.5596040875875166,-4.914403841943042e-17,0.11692431102200111,0.5,0.0,0.19,-1.7954289273864909e-16,1.7628,-1.621382109939278e-16,-0.0698,2.9533676782658326e-16,-0.0175,-1.4403227892174633e-17,0.0,0.0,0.5
112,0.09430113242559483,0.5596040875875166,-4.995945812534743e-17,0.11692431102200111,0.5,0.0,0.19,-1.9601650598904586e-16,1.7628,-1.7202208621716428e-16,-0.0698,3.0654149024418403e-16,-0.0175,-1.3720954768619912e-17,0.0,0.0,0.5
113,0.09430113242559483,0.5596040875875166,-5.075505830767592e-17,0.11692431102200111,0.5,0.0,0.19,-2.1232620273809832e-16,1.7628,-1.8166572479084308e-16,-0.0698,3.191779037274724e-16,-0.0175,-1.2734451527657945e-17,0.0,0.0,0.5
114,0.09430113242559479,0.5596040875875166,4.843407468366728e-18,0.11692431102200117,0.5,0.0,0.19,-2.282998677442898e-16,1.7628,-1.9103673447932384e-16,-0.0698,3.3198176070159746e-16,-0.0175,-1.1747948286695978e-17,0.0,0.0,0.5
115,0.09430113242559479,0.5596040875875166,-2.5851861804950173e-16,0.11692431102200117,0.5,0.0,0.19,-3.040564400489643e-16,1.7628,-2.1700803062311609e-16,-0.0698,3.307385226777167e-16,-0.0175,-1.1065675163141194e-17,0.0,0.0,0.5
116,0.09430113242559479,0.5596040875875166,4.225191811086529e-18,0.11692431102200117,0.5,0.0,0.19,-2.1454313516909298e-16,1.7628,-1.9853025759787168e-16,-0.0698,3.147594357056875e-16,-0.0175,-1.1065675163141485e-17,0.0,0.0,0.5
117,0.09430113242559479,0.5596040875875166,-2.3586943363964775e-16,0.11692431102200117,0.5,0.0,0.19,-2.8956362677203886e-16,1.7628,-2.248359084238539e-16,-0.0698,3.140494324279715e-16,-0.0175,-1.0383402039586703e-17,0.0,0.0,0.5
118,0.09430113242559479,0.5596040875875166,-2.1178225820343686e-17,0.11692431102200117,0.5,0.0,0.19,-2.3729883707482753e-16,1.7628,-2.1471877208783718e-16,-0.0698,2.87964775282982e-16,-0.0175,-1.007917192217971e-17,0.0,0.0,0.5
119,0.09430113242559479,0.5596040875875166,-2.607615691050339e-16,0.11692431102200117,0.5,0.0,0.19,-2.899030488207984e-16,1.7628,-2.3482706332540636e-16,-0.0698,2.963377894201576e-16,-0.0175,-1.0383402039586963e-17,0.0,0.0,0.5
120,0.09430113242559479,0.5596040875875166,-2.1662790859850292e-17,0.11692431102200117,0.5,0.0,0.19,-2.226472759926235e-16,1.7628,-2.2059228771822026e-16,-0.0698,2.778892851382402e-16,-0.0175,-1.136990528054925e-17,0.0,0.0,0.5
121,0.09430113242559479,0.5596040875875166,-2.6127455659462086e-16,0.11692431102200117,0.5,0.0,0.19,-2.74569391192408e-16,1.7628,-2.4104509350221784e-16,-0.0698,2.8648299660585084e-16,-0.0175,-1.1369905280549254e-17,0.0,0.0,0.5
122,0.09430113242559479,0.5596040875875166,-2.2166051924465114e-17,0.11692431102200117,0.5,0.0,0.19,-2.0668718093298542e-16,1.7628,-2.2669242183476356e-16,-0.0698,2.6843512114517165e-16,-0.0175,-1.2356408521511542e-17,0.0,0.0,0.5
123,0.09430113242559479,0.5596040875875166,-2.616732549660325e-16,0.11692431102200117,0.5,0.0,0.19,-2.582291920177979e-16,1.7628,-2.4587780103448065e-16,-0.0698,2.7750728825436963e-16,-0.0175,-1.2356408521511548e-17,0.0,0.0,0.5
124,0.09430113242559479,0.5596040875875166,-2.2539458185369816e-17,0.11692431102200117,0.5,0.0,0.19,-1.8983059934059e-16,1.7628,-2.3121855833057804e-16,-0.0698,2.596546093695609e-16,-0.0175,-1.3342911762473835e-17,0.0,0.0,0.5
125,0.09430113242559479,0.5596040875875166,-9.684801334124151e-17,0.11692431102200117,0.5,0.0,0.19,-2.406212712767998e-16,1.7628,-2.512490381009712e-16,-0.0698,2.6884239555969174e-16,-0.0175,-1.3342911762473842e-17,0.0,0.0,0.5
126,0.09430113242559479,0.5596040875875166,-2.6295798316288727e-16,0.11692431102200117,0.5,0.0,0.19,-2.7808634944023383e-16,1.7628,-2.6145026402665957e-16,-0.0698,2.3170749963488986e-16,-0.0175,-1.402518488602868e-17,0.0,0.0,0.5
127,0.09430113242559479,0.5596040875875166,-2.4362523889113222e-17,0.11692431102200117,0.5,0.0,0.19,-2.0908561881608176e-16,1.7628,-2.4646831102238577e-16,-0.0698,2.146716739654585e-16,-0.0175,-1.5011688126990968e-17,0.0,0.0,0.5
128,0.09430113242559479,0.5596040875875166,-2.63659025529252e-16,0.11692431102200117,0.5,0.0,0.19,-2.804273733008414e-16,1.7628,-2.6994774725532354e-16,-0.0698,2.2153690455901254e-16,-0.0175,-1.5693961250545723e-17,0.0,0.0,0.5
129,0.09430113242559479,0.5596040875875166,-9.712997751780118e-17,0.11692431102200117,0.5,0.0,0.19,-2.1095044329115366e-16,1.7628,-2.5466678569563386e-16,-0.0698,2.0469009193932173e-16,-0.0175,-1.6680464491508014e-17,0.0,0.0,0.5
130,0.09430113242559479,0.5596040875875166,-2.6322904769827675e-16,0.11692431102200117,0.5,0.0,0.19,-2.4771352218602394e-16,1.7628,-2.6473589475865337e-16,-0.0698,1.6766322247686755e-16,-0.0175,-1.736273761506285e-17,0.0,0.0,0.5
131,0.09430113242559479,0.5596040875875166,-9.671373880303854e-17,0.11692431102200117,0.5,0.0,0.19,-1.780088956453083e-16,1.7628,-2.4962146794093517e-16,-0.0698,1.507357151335834e-16,-0.0175,-1.8349240856025142e-17,0.0,0.0,0.5
132,0.09430113242559479,0.5596040875875166,-9.754113916262405e-17,0.11692431102200117,0.5,0.0,0.19,-2.1455936235368489e-16,1.7628,-2.596505632086381e-16,-0.0698,1.1343733316951938e-16,-0.0175,-1.903151397957998e-17,0.0,0.0,0.5
133,0.0943011324255948,0.5596040875875166,-2.805546577333918e-16,0.11692431102200115,0.5,0.0,0.19,-2.510348367805988e-16,1.7628,-2.6966554486483895e-16,-0.0698,7.645472143584075e-17,-0.0175,-2.0018017220542067e-17,0.0,0.0,0.5
134,0.0943011324255948,0.5596040875875166,-1.1375345148399224e-16,0.11692431102200115,0.5,0.0,0.19,-1.7228383065025988e-16,1.7628,-2.51085695572438e-16,-0.0698,6.39162519581189e-17,-0.0175,-2.100452046150433e-17,0.0,0.0,0.5
135,0.0943011324255948,0.5596040875875166,-1.1438974811643903e-16,0.11692431102200115,0.5,0.0,0.19,-1.995388381148868e-16,1.7628,-2.587983820263384e-16,-0.0698,3.0247230533194276e-17,-0.0175,-2.100452046150442e-17,0.0,0.0,0.5
136,0.0943011324255948,0.5596040875875166,-1.150089736468435e-16,0.11692431102200115,0.5,0.0,0.19,-2.268069431545985e-16,1.7628,-2.6630414603124133e-16,-0.0698,-3.003842702882863e-18,-0.0175,-2.100452046150451e-17,0.0,0.0,0.5
137,0.0943011324255948,0.5596040875875166,-2.808797218873663e-16,0.11692431102200115,0.5,0.0,0.19,-2.5410264539011607e-16,1.7628,-2.73605716428166e-16,-0.0698,-3.5839199009890166e-17,-0.0175,-2.070029034409735e-17,0.0,0.0,0.5
138,0.0943011324255948,0.5596040875875166,-1.1406180266604548e-16,0.11692431102200115,0.5,0.0,0.19,-1.753878024641882e-16,1.7628,-2.5482328565793166e-16,-0.0698,-4.697676648933258e-17,-0.0175,-2.1382563467652365e-17,0.0,0.0,0.5
139,0.0943011324255948,0.5596040875875166,-1.1467940355779548e-16,0.11692431102200115,0.5,0.0,0.19,-2.0255127147695886e-16,1.7628,-2.623093570730832e-16,-0.0698,-8.021173791401085e-17,-0.0175,-2.1078333350245208e-17,0.0,0.0,0.5
140,0.09430113242559479,0.5596040875875166,-1.3221519291402853e-16,0.11692431102200117,0.5,0.0,0.19,-2.2966801820361547e-16,1.7628,-2.697866353140328e-16,-0.0698,-1.13135289408546e-16,-0.0175,-2.1078333350245297e-17,0.0,0.0,0.5
141,0.09430113242559479,0.5596040875875166,-3.027290647302926e-16,0.11692431102200117,0.5,0.0,0.19,-2.480246520161642e-16,1.7628,-2.7415659683084413e-16,-0.0698,-1.4072735166046733e-16,-0.0175,-2.1078333350245423e-17,0.0,0.0,0.5
142,0.09430113242559479,0.5596040875875166,-1.307323244138162e-16,0.11692431102200117,0.5,0.0,0.19,-1.5644776588115844e-16,1.7628,-2.518124716750955e-16,-0.0698,-1.4600581364493065e-16,-0.0175,-2.107833335024576e-17,0.0,0.0,0.5
143,0.09430113242559479,0.5596040875875166,-1.3110971677923613e-16,0.11692431102200117,0.5,0.0,0.19,-1.747783847935343e-16,1.7628,-2.563869245892763e-16,-0.0698,-1.7401383631591856e-16,-0.0175,-2.077410323283864e-17,0.0,0.0,0.5
144,0.09430113242559479,0.5596040875875166,-1.3148667188944106e-16,0.11692431102200117,0.5,0.0,0.19,-1.9308084196771124e-16,1.7628,-2.6095607744024514e-16,-0.0698,-2.020175253457085e-16,-0.0175,-2.0774103232838765e-17,0.0,0.0,0.5
145,0.09430113242559479,0.5596040875875166,-1.0855207930944471e-16,0.11692431102200117,0.5,0.0,0.19,-2.1142909809518474e-16,1.7628,-2.6532446226956103e-16,-0.0698,-2.2991252852326457e-16,-0.0175,-2.0469873115431645e-17,0.0,0.0,0.5
146,0.09430113242559479,0.5596040875875166,-2.9878365965101664e-16,0.11692431102200117,0.5,0.0,0.19,-2.693346526519177e-16,1.7628,-2.786973861933342e-16,-0.0698,-2.683841202764207e-16,-0.0175,-1.9787599991876983e-17,0.0,0.0,0.5
147,0.09430113242559479,0.5596040875875166,-1.0820380244686152e-16,0.11692431102200117,0.5,0.0,0.19,-2.0105733922215035e-16,1.7628,-2.611029245412799e-16,-0.0698,-2.7782668183027206e-16,-0.0175,-2.0091830109284556e-17,0.0,0.0,0.5
148,0.09430113242559479,0.5596040875875166,-3.2250456592467177e-16,0.11692431102200117,0.5,0.0,0.19,-2.5904777731616774e-16,1.7628,-2.744918236193594e-16,-0.0698,-3.1661556591992173e-16,-0.0175,-1.9105326868322648e-17,0.0,0.0,0.5
149,0.09430113242559479,0.5596040875875166,-1.364436453681811e-16,0.11692431102200117,0.5,0.0,0.19,-1.765957363072243e-16,1.7628,-2.524604569892896e-16,-0.0698,-3.189675469842807e-16,-0.0175,-1.9105326868323002e-17,0.0,0.0,0.5
150,0.09430113242559479,0.5596040875875166,-1.3716431837916036e-16,0.11692431102200117,0.5,0.0,0.19,-2.164605603338326e-16,1.7628,-2.6119588742540185e-16,-0.0698,-3.495949380139728e-16,-0.0175,-1.9105326868323128e-17,0.0,0.0,0.5
151,0.09430113242559479,0.5596040875875166,-3.221125492919874e-16,0.11692431102200117,0.5,0.0,0.19,-2.5642196427155383e-16,1.7628,-2.697401068595483e-16,-0.0698,-3.80121457568843e-16,-0.0175,-1.9105326868323255e-17,0.0,0.0,0.5
152,0.09430113242559479,0.5596040875875166,-1.3607152876261882e-16,0.11692431102200117,0.5,0.0,0.19,-1.741390246522316e-16,1.7628,-2.4794995267944374e-16,-0.0698,-3.8291942432932616e-16,-0.0175,-1.910532686832361e-17,0.0,0.0,0.5
153,0.09430113242559479,0.5596040875875166,-1.3679575938926729e-16,0.11692431102200117,0.5,0.0,0.19,-2.1423297948769976e-16,1.7628,-2.567285057297281e-16,-0.0698,-4.1388630504406955e-16,-0.0175,-1.9105326868323735e-17,0.0,0.0,0.5
154,0.09430113242559479,0.5596040875875166,-3.2174823872710427e-16,0.11692431102200117,0.5,0.0,0.19,-2.54468006309237e-16,1.7628,-2.653242212246014e-16,-0.0698,-4.444549307854839e-16,-0.0175,-1.9105326868323862e-17,0.0,0.0,0.5
155,0.09430113242559479,0.5596040875875166,-8.259536275964638e-17,0.11692431102200117,0.5,0.0,0.19,-1.724594288427279e-16,1.7628,-2.435857022362812e-16,-0.0698,-4.472951174941889e-16,-0.0175,-1.9105326868324216e-17,0.0,0.0,0.5
156,0.09430113242559479,0.5596040875875166,-1.3712111755396518e-16,0.11692431102200117,0.5,0.0,0.19,-2.368548625624695e-16,1.7628,-2.6067224105939947e-16,-0.0698,-4.285734868155907e-16,-0.0175,-1.9105326868324278e-17,0.0,0.0,0.5
157,0.09430113242559479,0.5596040875875166,-3.220748823510995e-16,0.11692431102200117,0.5,0.0,0.19,-2.7717268031926974e-16,1.7628,-2.6928353787908914e-16,-0.0698,-4.591548527581014e-16,-0.0175,-1.9105326868324404e-17,0.0,0.0,0.5
158,0.09430113242559479,0.5596040875875166,-1.3603941065737948e-16,0.11692431102200117,0.5,0.0,0.19,-1.9524711747096602e-16,1.7628,-2.4756064231290636e-16,-0.0698,-4.620078140891307e-16,-0.0175,-1.910532686832476e-17,0.0,0.0,0.5
159,0.09430113242559479,0.5596040875875166,-1.3676920511141294e-16,0.11692431102200117,0.5,0.0,0.19,-2.3569941463107674e-16,1.7628,-2.564066356951302e-16,-0.0698,-4.930298379576836e-16,-0.0175,-1.9105326868324885e-17,0.0,0.0,0.5
160,0.0943011324255948,0.5596040875875166,-3.435311585185812e-16,0.11692431102200115,0.5,0.0,0.19,-2.762937519395947e-16,1.7628,-2.65069973730923e-16,-0.0698,-5.236537558376103e-16,-0.0175,-1.910532686832501e-17,0.0,0.0,0.5
161,0.0943011324255948,0.5596040875875166,-9.898956154646392e-17,0.11692431102200115,0.5,0.0,0.19,-1.7314613334605822e-16,1.7628,-2.3722551902976984e-16,-0.0698,-5.179965931752176e-16,-0.0175,-1.9105326868325335e-17,0.0,0.0,0.5
162,0.09430113242559479,0.5596040875875166,-1.3629859693592658e-16,0.11692431102200117,0.5,0.0,0.19,-2.213739027841464e-16,1.7628,-2.5070229417408323e-16,-0.0698,-4.945880794898401e-16,-0.0175,-1.9105326868325406e-17,0.0,0.0,0.5
163,0.0943011324255948,0.5596040875875166,-3.430786196632768e-16,0.11692431102200115,0.5,0.0,0.19,-2.620194334784451e-16,1.7628,-2.595846542726878e-16,-0.0698,-5.256398389094684e-16,-0.0175,-1.9105326868325532e-17,0.0,0.0,0.5
164,0.0943011324255948,0.5596040875875166,-9.853874465372008e-17,0.11692431102200115,0.5,0.0,0.19,-1.5898271912837164e-16,1.7628,-2.317610718449958e-16,-0.0698,-5.203039727541747e-16,-0.0175,-1.8801096750918606e-17,0.0,0.0,0.5
165,0.0943011324255948,0.5596040875875166,-9.96523052180515e-17,0.11692431102200115,0.5,0.0,0.19,-2.0732169244885546e-16,1.7628,-2.4525877565507373e-16,-0.0698,-4.972168016855366e-16,-0.0175,-1.8801096750918677e-17,0.0,0.0,0.5
166,0.09430113242559479,0.5596040875875166,-3.211882645565357e-16,0.11692431102200117,0.5,0.0,0.19,-2.556052116080243e-16,1.7628,-2.5853665552074066e-16,-0.0698,-4.737011334119728e-16,-0.0175,-1.9483369874473502e-17,0.0,0.0,0.5
167,0.09430113242559479,0.5596040875875166,-8.205838962494587e-17,0.11692431102200117,0.5,0.0,0.19,-1.739654582410321e-16,1.7628,-2.3707693696718403e-16,-0.0698,-4.770180399482558e-16,-0.0175,-1.9483369874473853e-17,0.0,0.0,0.5
168,0.09430113242559479,0.5596040875875166,-1.3659149261936875e-16,0.11692431102200117,0.5,0.0,0.19,-2.3883415810025434e-16,1.7628,-2.5425254488247316e-16,-0.0698,-4.583692373609199e-16,-0.0175,-1.9483369874473915e-17,0.0,0.0,0.5
169,0.09430113242559479,0.5596040875875166,-3.2156875039503536e-16,0.11692431102200117,0.5,0.0,0.19,-2.79552483879473e-16,1.7628,-2.631486050783115e-16,-0.0698,-4.891279686627047e-16,-0.0175,-1.948336987447404e-17,0.0,0.0,0.5
170,0.09430113242559479,0.5596040875875166,-8.24243236343495e-17,0.11692431102200117,0.5,0.0,0.19,-1.9808808368277572e-16,1.7628,-2.415125007175312e-16,-0.0698,-4.920518955517494e-16,-0.0175,-1.9483369874474393e-17,0.0,0.0,0.5
171,0.09430113242559479,0.5596040875875166,-3.2120188327285317e-16,0.11692431102200117,0.5,0.0,0.19,-2.6302916491991564e-16,1.7628,-2.5870173087004246e-16,-0.0698,-4.734142313010848e-16,-0.0175,-1.9483369874474454e-17,0.0,0.0,0.5
172,0.09430113242559479,0.5596040875875166,-8.207364128943564e-17,0.11692431102200117,0.5,0.0,0.19,-1.8149458276037072e-16,1.7628,-2.372618056276661e-16,-0.0698,-4.76747322004489e-16,-0.0175,-1.9483369874474806e-17,0.0,0.0,0.5
173,0.09430113242559479,0.5596040875875166,-1.3660838164389857e-16,0.11692431102200117,0.5,0.0,0.19,-2.4646873797656746e-16,1.7628,-2.544572603313196e-16,-0.0698,-4.581147473103429e-16,-0.0175,-1.9483369874474867e-17,0.0,0.0,0.5
174,0.09430113242559479,0.5596040875875166,-3.215872812033928e-16,0.11692431102200117,0.5,0.0,0.19,-2.872928040299973e-16,1.7628,-2.633732209371898e-16,-0.0698,-4.888897503495244e-16,-0.0175,-1.9483369874474994e-17,0.0,0.0,0.5
175,0.09430113242559479,0.5596040875875166,-8.24445006622743e-17,0.11692431102200117,0.5,0.0,0.19,-2.0593442979453242e-16,1.7628,-2.4175707075298316e-16,-0.0698,-4.918299929386301e-16,-0.0175,-1.9483369874475345e-17,0.0,0.0,0.5
176,0.09430113242559479,0.5596040875875166,-3.2122371096806934e-16,0.11692431102200117,0.5,0.0,0.19,-2.7098182345178877e-16,1.7628,-2.58966308993875e-16,-0.0698,-4.732086884694683e-16,-0.0175,-1.9483369874475406e-17,0.0,0.0,0.5
177,0.09430113242559479,0.5596040875875166,-8.209712411168408e-17,0.11692431102200117,0.5,0.0,0.19,-1.895538409451941e-16,1.7628,-2.3754644589734415e-16,-0.0698,-4.765581831549155e-16,-0.0175,-1.9483369874475758e-17,0.0,0.0,0.5
178,0.09430113242559479,0.5596040875875166,-3.2087685687447933e-16,0.11692431102200117,0.5,0.0,0.19,-2.5463488382321415e-16,1.7628,-2.5476201695035934e-16,-0.0698,-4.579420567627726e-16,-0.0175,-1.948336987447582e-17,0.0,0.0,0.5
179,0.09430113242559479,0.5596040875875166,-8.17507938866584e-17,0.11692431102200117,0.5,0.0,0.19,-1.7324064145019457e-16,1.7628,-2.333485037758207e-16,-0.0698,-4.612967435152668e-16,-0.0175,-1.948336987447617e-17,0.0,0.0,0.5
180,0.09430113242559479,0.5596040875875166,-1.3630316285164588e-16,0.11692431102200117,0.5,0.0,0.19,-2.382376058281115e-16,1.7628,-2.5075763860704454e-16,-0.0698,-4.430876424826078e-16,-0.0175,-1.9483369874476232e-17,0.0,0.0,0.5
181,0.09430113242559479,0.5596040875875166,-3.2128334247334247e-16,0.11692431102200117,0.5,0.0,0.19,-2.791441152129983e-16,1.7628,-2.596891151183976e-16,-0.0698,-4.741795623496253e-16,-0.0175,-1.948336987447636e-17,0.0,0.0,0.5
182,0.09430113242559479,0.5596040875875166,-8.215797037807721e-17,0.11692431102200117,0.5,0.0,0.19,-1.977943702744499e-16,1.7628,-2.382839763990791e-16,-0.0698,-4.775410965457631e-16,-0.0175,-1.948336987447671e-17,0.0,0.0,0.5
183,0.09430113242559479,0.5596040875875166,-3.209389211840104e-16,0.11692431102200117,0.5,0.0,0.19,-2.629538621012594e-16,1.7628,-2.5551431161134326e-16,-0.0698,-4.589370421924273e-16,-0.0175,-1.9483369874476772e-17,0.0,0.0,0.5
184,0.09430113242559479,0.5596040875875166,-8.181407953021292e-17,0.11692431102200117,0.5,0.0,0.19,-1.8163828062887646e-16,1.7628,-2.3411560248557247e-16,-0.0698,-4.623038335997286e-16,-0.0175,-1.9483369874477123e-17,0.0,0.0,0.5
185,0.09430113242559479,0.5596040875875166,-1.3636767312900032e-16,0.11692431102200117,0.5,0.0,0.19,-2.46714118431925e-16,1.7628,-2.515395813628559e-16,-0.0698,-4.441068699259983e-16,-0.0175,-1.9483369874477185e-17,0.0,0.0,0.5
186,0.09430113242559479,0.5596040875875166,-3.2134976189063244e-16,0.11692431102200117,0.5,0.0,0.19,-2.877435873544161e-16,1.7628,-2.604941989643368e-16,-0.0698,-4.749134811823025e-16,-0.0175,-1.948336987447731e-17,0.0,0.0,0.5
187,0.09430113242559479,0.5596040875875166,-8.222562289593617e-17,0.11692431102200117,0.5,0.0,0.19,-2.0647326114938078e-16,1.7628,-2.391040069185816e-16,-0.0698,-4.782872366516094e-16,-0.0175,-1.9483369874477662e-17,0.0,0.0,0.5
188,0.09430113242559479,0.5596040875875166,-3.210078101340056e-16,0.11692431102200117,0.5,0.0,0.19,-2.7171238628169643e-16,1.7628,-2.5634932918704165e-16,-0.0698,-4.596954365906414e-16,-0.0175,-1.9483369874477724e-17,0.0,0.0,0.5
189,0.09430113242559479,0.5596040875875166,-8.188420825291254e-17,0.11692431102200117,0.5,0.0,0.19,-1.904766532665392e-16,1.7628,-2.349656476092044e-16,-0.0698,-4.630745153987197e-16,-0.0175,-1.9483369874478075e-17,0.0,0.0,0.5
190,0.09430113242559479,0.5596040875875166,-3.206286397936553e-16,0.11692431102200117,0.5,0.0,0.19,-2.5579676040943984e-16,1.7628,-2.5175332506158375e-16,-0.0698,-4.446109107530783e-16,-0.0175,-1.9787599991885383e-17,0.0,0.0,0.5
191,0.09430113242559479,0.5596040875875166,-8.15060870713456e-17,0.11692431102200117,0.5,0.0,0.19,-1.746285992241258e-16,1.7628,-2.30382360559908e-16,-0.0698,-4.480003877852848e-16,-0.0175,-1.9483369874478485e-17,0.0,0.0,0.5
192,0.09430113242559479,0.5596040875875166,-1.360619757858115e-16,0.11692431102200117,0.5,0.0,0.19,-2.3985225561151357e-16,1.7628,-2.478341590211733e-16,-0.0698,-4.298261710280407e-16,-0.0175,-1.9483369874478547e-17,0.0,0.0,0.5
193,0.09430113242559479,0.5596040875875166,-3.2104568466657734e-16,0.11692431102200117,0.5,0.0,0.19,-2.8098606947794277e-16,1.7628,-2.568084144303355e-16,-0.0698,-4.609530694201314e-16,-0.0175,-1.9483369874478673e-17,0.0,0.0,0.5
194,0.09430113242559479,0.5596040875875166,-8.1923851365665e-17,0.11692431102200117,0.5,0.0,0.19,-1.998642431477735e-16,1.7628,-2.35446170188022e-16,-0.0698,-4.643496766456426e-16,-0.0175,-1.9483369874479024e-17,0.0,0.0,0.5
195,0.09430113242559479,0.5596040875875166,-3.206700562649041e-16,0.11692431102200117,0.5,0.0,0.19,-2.6529856472653324e-16,1.7628,-2.522553428949022e-16,-0.0698,-4.459036477753723e-16,-0.0175,-1.9787599991886332e-17,0.0,0.0,0.5
196,0.09430113242559479,0.5596040875875166,-8.154928169231625e-17,0.11692431102200117,0.5,0.0,0.19,-1.842449265594242e-16,1.7628,-2.3090593172318873e-16,-0.0698,-4.493107480688385e-16,-0.0175,-1.9483369874479434e-17,0.0,0.0,0.5
197,0.09430113242559479,0.5596040875875166,-3.203502861701844e-16,0.11692431102200117,0.5,0.0,0.19,-2.4958341538108527e-16,1.7628,-2.4837934174678493e-16,-0.0698,-4.311542021870395e-16,-0.0175,-1.9483369874479496e-17,0.0,0.0,0.5
198,0.09430113242559479,0.5596040875875166,-8.124680878549195e-17,0.11692431102200117,0.5,0.0,0.19,-1.6853124086168852e-16,1.7628,-2.272395934586516e-16,-0.0698,-4.3429921828515057e-16,-0.0175,-1.9483369874479847e-17,0.0,0.0,0.5
199,0.09430113242559479,0.5596040875875166,-8.268846638571951e-17,0.11692431102200117,0.5,0.0,0.19,-2.3387625226221154e-16,1.7628,-2.4471423103716756e-16,-0.0698,-4.1614367612394133e-16,-0.0175,-1.948336987447991e-17,0.0,0.0,0.5
200,0.09430113242559479,0.5596040875875166,-3.214713173394509e-16,0.11692431102200117,0.5,0.0,0.19,-2.991581244815158e-16,1.7628,-2.619675983439547e-16,-0.0698,-3.975584541561278e-16,-0.0175,-1.948336987447997e-17,0.0,0.0,0.5
201,0.09430113242559479,0.5596040875875166,-8.233293723947401e-17,0.11692431102200117,0.5,0.0,0.19,-2.1808316383871363e-16,1.7628,-2.404047868402525e-16,-0.0698,-4.0054230956531415e-16,-0.0175,-1.9179139757073075e-17,0.0,0.0,0.5
202,0.09430113242559479,0.5596040875875166,-3.211165598754372e-16,0.11692431102200117,0.5,0.0,0.19,-2.8341473680997724e-16,1.7628,-2.576675078710607e-16,-0.0698,-3.8196473574850395e-16,-0.0175,-1.9179139757073137e-17,0.0,0.0,0.5
203,0.09430113242559479,0.5596040875875166,-8.1994397270368e-17,0.11692431102200117,0.5,0.0,0.19,-2.0227170140754476e-16,1.7628,-2.3630127206320997e-16,-0.0698,-3.8535807923693047e-16,-0.0175,-1.9179139757073488e-17,0.0,0.0,0.5
204,0.09430113242559479,0.5596040875875166,-3.207785662378357e-16,0.11692431102200117,0.5,0.0,0.19,-2.6763846125428344e-16,1.7628,-2.5357061529407313e-16,-0.0698,-3.6678592011761195e-16,-0.0175,-1.917913975707355e-17,0.0,0.0,0.5
205,0.09430113242559479,0.5596040875875166,-8.165695144033893e-17,0.11692431102200117,0.5,0.0,0.19,-1.8653070779454357e-16,1.7628,-2.32211019578009e-16,-0.0698,-3.7018469293285476e-16,-0.0175,-1.91791397570739e-17,0.0,0.0,0.5
206,0.09430113242559479,0.5596040875875166,-3.204571134231948e-16,0.11692431102200117,0.5,0.0,0.19,-2.518149351159261e-16,1.7628,-2.496742175408503e-16,-0.0698,-3.5201979707381325e-16,-0.0175,-1.9179139757073962e-17,0.0,0.0,0.5
207,0.09430113242559479,0.5596040875875166,-8.135279126725337e-17,0.11692431102200117,0.5,0.0,0.19,-1.707083524935822e-16,1.7628,-2.285242296012144e-16,-0.0698,-3.551564406348753e-16,-0.0175,-1.9179139757074314e-17,0.0,0.0,0.5
208,0.09430113242559479,0.5596040875875166,-8.279360181384541e-17,0.11692431102200117,0.5,0.0,0.19,-2.359988087924017e-16,1.7628,-2.459885998629361e-16,-0.0698,-3.3699250331585895e-16,-0.0175,-1.9179139757074375e-17,0.0,0.0,0.5
209,0.09430113242559479,0.5596040875875166,-3.21576284622832e-16,0.11692431102200117,0.5,0.0,0.19,-3.012698515278709e-16,1.7628,-2.6323992905160443e-16,-0.0698,-3.1810138474624122e-16,-0.0175,-1.9483369874481687e-17,0.0,0.0,0.5
210,0.09430113242559479,0.5596040875875166,-8.243705472637631e-17,0.11692431102200117,0.5,0.0,0.19,-2.2014015912856087e-16,1.7628,-2.416668169845228e-16,-0.0698,-3.2107681781327083e-16,-0.0175,-1.9483369874482038e-17,0.0,0.0,0.5
211,0.09430113242559479,0.5596040875875166,-3.2121982526989703e-16,0.11692431102200117,0.5,0.0,0.19,-2.854168524701192e-16,1.7628,-2.5891920962208935e-16,-0.0698,-3.024907988989833e-16,-0.0175,-1.94833698744821e-17,0.0,0.0,0.5
212,0.09430113242559479,0.5596040875875166,-8.209833593852343e-17,0.11692431102200117,0.5,0.0,0.19,-2.0431717974673773e-16,1.7628,-2.3756113470751823e-16,-0.0698,-3.0520854208678455e-16,-0.0175,-1.948336987448245e-17,0.0,0.0,0.5
213,0.09430113242559479,0.5596040875875166,-2.9681378714441157e-16,0.11692431102200117,0.5,0.0,0.19,-2.6962902884749737e-16,1.7628,-2.548201436890304e-16,-0.0698,-2.8662793308169175e-16,-0.0175,-1.9483369874482512e-17,0.0,0.0,0.5
214,0.09430113242559479,0.5596040875875166,-8.212723002305202e-17,0.11692431102200117,0.5,0.0,0.19,-2.0276992975192795e-16,1.7628,-2.3791136603513737e-16,-0.0698,-2.9712866253653605e-16,-0.0175,-1.9483369874482836e-17,0.0,0.0,0.5
215,0.09430113242559479,0.5596040875875166,-2.968419283577654e-16,0.11692431102200117,0.5,0.0,0.19,-2.6803328964044966e-16,1.7628,-2.551612493054401e-16,-0.0698,-2.785405918170303e-16,-0.0175,-1.9483369874482898e-17,0.0,0.0,0.5
216,0.09430113242559479,0.5596040875875166,-5.808675114513025e-17,0.11692431102200117,0.5,0.0,0.19,-2.0112557032543006e-16,1.7628,-2.3824332128466826e-16,-0.0698,-2.8903383939754657e-16,-0.0175,-1.948336987448322e-17,0.0,0.0,0.5
217,0.09430113242559479,0.5596040875875166,-2.9731529015452955e-16,0.11692431102200117,0.5,0.0,0.19,-2.8046990306583673e-16,1.7628,-2.6089896805409664e-16,-0.0698,-2.775219218141567e-16,-0.0175,-1.9787599991890502e-17,0.0,0.0,0.5
218,0.09430113242559479,0.5596040875875166,-5.854086610140257e-17,0.11692431102200117,0.5,0.0,0.19,-2.134351513182872e-16,1.7628,-2.4374774499705994e-16,-0.0698,-2.878798875557628e-16,-0.0175,-1.9787599991890825e-17,0.0,0.0,0.5
219,0.09430113242559479,0.5596040875875166,-2.9776650244652987e-16,0.11692431102200117,0.5,0.0,0.19,-2.925925358680172e-16,1.7628,-2.663682079571314e-16,-0.0698,-2.763392016351602e-16,-0.0175,-2.0091830109298106e-17,0.0,0.0,0.5
220,0.09430113242559479,0.5596040875875166,-1.0722098311727362e-16,0.11692431102200117,0.5,0.0,0.19,-2.2541420385058103e-16,1.7628,-2.491899629705172e-16,-0.0698,-2.8637084255169573e-16,-0.0175,-2.039606022670568e-17,0.0,0.0,0.5
221,0.09430113242559479,0.5596040875875166,-3.215559059916304e-16,0.11692431102200117,0.5,0.0,0.19,-2.8449212832963395e-16,1.7628,-2.629929153400697e-16,-0.0698,-3.2574703710313617e-16,-0.0175,-2.0396060226705768e-17,0.0,0.0,0.5
222,0.09430113242559479,0.5596040875875166,-8.241285052971306e-17,0.11692431102200117,0.5,0.0,0.19,-2.0311604762138904e-16,1.7628,-2.4137343278254383e-16,-0.0698,-3.286845549492104e-16,-0.0175,-2.039606022670612e-17,0.0,0.0,0.5
223,0.09430113242559479,0.5596040875875166,-3.211917851719336e-16,0.11692431102200117,0.5,0.0,0.19,-2.681456869668612e-16,1.7628,-2.5857932964677503e-16,-0.0698,-3.100605183753594e-16,-0.0175,-2.039606022670618e-17,0.0,0.0,0.5
224,0.09430113242559479,0.5596040875875166,-8.206644957549615e-17,0.11692431102200117,0.5,0.0,0.19,-1.8679829276170156e-16,1.7628,-2.3717463333749055e-16,-0.0698,-3.1274014118822243e-16,-0.0175,-2.0396060226706532e-17,0.0,0.0,0.5
225,0.09430113242559479,0.5596040875875166,-2.967780441245561e-16,0.11692431102200117,0.5,0.0,0.19,-2.518617510915912e-16,1.7628,-2.543868949635099e-16,-0.0698,-2.9412130881530215e-16,-0.0175,-2.0396060226706594e-17,0.0,0.0,0.5
226,0.09430113242559479,0.5596040875875166,-8.208761992652785e-17,0.11692431102200117,0.5,0.0,0.19,-1.8475359012778781e-16,1.7628,-2.374312436530263e-16,-0.0698,-3.045837116311657e-16,-0.0175,-2.0396060226706918e-17,0.0,0.0,0.5
227,0.09430113242559479,0.5596040875875166,-2.967984407365798e-16,0.11692431102200117,0.5,0.0,0.19,-2.497672152375535e-16,1.7628,-2.546341266244027e-16,-0.0698,-2.8595721072250974e-16,-0.0175,-2.039606022670698e-17,0.0,0.0,0.5
228,0.09430113242559479,0.5596040875875166,-5.803937552306236e-17,0.11692431102200117,0.5,0.0,0.19,-1.8260908641519895e-16,1.7628,-2.37669071320209e-16,-0.0698,-2.9641192428393653e-16,-0.0175,-2.0396060226707303e-17,0.0,0.0,0.5
229,0.09430113242559479,0.5596040875875166,-2.97264016027054e-16,0.11692431102200117,0.5,0.0,0.19,-2.6170233309672394e-16,1.7628,-2.602774634786358e-16,-0.0698,-2.8486136857099233e-16,-0.0175,-2.0700290344114583e-17,0.0,0.0,0.5
230,0.09430113242559479,0.5596040875875166,-5.848568293561316e-17,0.11692431102200117,0.5,0.0,0.19,-1.9441581691085144e-16,1.7628,-2.4307885813900663e-16,-0.0698,-2.951805917912955e-16,-0.0175,-2.0700290344114907e-17,0.0,0.0,0.5
231,0.09430113242559479,0.5596040875875166,-2.977073996810628e-16,0.11692431102200117,0.5,0.0,0.19,-2.733207568099854e-16,1.7628,-2.6565181079995407e-16,-0.0698,-2.8360105867559786e-16,-0.0175,-2.1004520461522187e-17,0.0,0.0,0.5
232,0.09430113242559479,0.5596040875875166,-1.0715795016223038e-16,0.11692431102200117,0.5,0.0,0.19,-2.058892980918953e-16,1.7628,-2.4842592715181175e-16,-0.0698,-2.935937474404405e-16,-0.0175,-2.100452046152251e-17,0.0,0.0,0.5
233,0.09430113242559479,0.5596040875875166,-3.214889322285012e-16,0.11692431102200117,0.5,0.0,0.19,-2.647134119774873e-16,1.7628,-2.62181112150625e-16,-0.0698,-3.3293088460002056e-16,-0.0175,-2.10045204615226e-17,0.0,0.0,0.5
234,0.09430113242559479,0.5596040875875166,-8.234192531129907e-17,0.11692431102200117,0.5,0.0,0.19,-1.8308283493524595e-16,1.7628,-2.405137331654047e-16,-0.0698,-3.3582923952973114e-16,-0.0175,-2.0700290344115705e-17,0.0,0.0,0.5
235,0.09430113242559479,0.5596040875875166,-3.2111689782226964e-16,0.11692431102200117,0.5,0.0,0.19,-2.4785729035346534e-16,1.7628,-2.576716041963026e-16,-0.0698,-3.171659342299091e-16,-0.0175,-2.0700290344115766e-17,0.0,0.0,0.5
236,0.09430113242559479,0.5596040875875166,-8.198606172146803e-17,0.11692431102200117,0.5,0.0,0.19,-1.661556321885964e-16,1.7628,-2.362002351068467e-16,-0.0698,-3.204733146076668e-16,-0.0175,-2.0700290344116118e-17,0.0,0.0,0.5
237,0.09430113242559479,0.5596040875875166,-1.365182009498109e-16,0.11692431102200117,0.5,0.0,0.19,-2.3096225999676015e-16,1.7628,-2.533641610090448e-16,-0.0698,-3.0181496012421533e-16,-0.0175,-2.070029034411618e-17,0.0,0.0,0.5
238,0.09430113242559479,0.5596040875875166,-3.2149449235551303e-16,0.11692431102200117,0.5,0.0,0.19,-2.716183460198574e-16,1.7628,-2.6224850762955575e-16,-0.0698,-3.3256411372275706e-16,-0.0175,-2.0700290344116306e-17,0.0,0.0,0.5
239,0.09430113242559479,0.5596040875875166,-8.234909661394305e-17,0.11692431102200117,0.5,0.0,0.19,-1.9009153790887363e-16,1.7628,-2.406006580459377e-16,-0.0698,-3.3547843703170585e-16,-0.0175,-2.039606022670941e-17,0.0,0.0,0.5
240,0.09430113242559479,0.5596040875875166,-3.2112568465358883e-16,0.11692431102200117,0.5,0.0,0.19,-2.549700426192353e-16,1.7628,-2.57778111242596e-16,-0.0698,-3.1683114325417913e-16,-0.0175,-2.0396060226709472e-17,0.0,0.0,0.5
241,0.09430113242559479,0.5596040875875166,-8.19964684462665e-17,0.11692431102200117,0.5,0.0,0.19,-1.7337271486486645e-16,1.7628,-2.36326377225616e-16,-0.0698,-3.201545784138523e-16,-0.0175,-2.0396060226709823e-17,0.0,0.0,0.5
242,0.09430113242559479,0.5596040875875166,-1.3653023194468536e-16,0.11692431102200117,0.5,0.0,0.19,-2.38283954961409e-16,1.7628,-2.5350999124994774e-16,-0.0698,-3.015123220888146e-16,-0.0175,-2.0396060226709885e-17,0.0,0.0,0.5
243,0.09430113242559479,0.5596040875875166,-3.215081520088849e-16,0.11692431102200117,0.5,0.0,0.19,-2.790449359123355e-16,1.7628,-2.624140791855787e-16,-0.0698,-3.3227761733946206e-16,-0.0175,-2.039606022671001e-17,0.0,0.0,0.5
244,0.09430113242559479,0.5596040875875166,-8.236438932609026e-17,0.11692431102200117,0.5,0.0,0.19,-1.9762330613226127e-16,1.7628,-2.4078602425378264e-16,-0.0698,-3.352081259117189e-16,-0.0175,-2.0091830109303116e-17,0.0,0.0,0.5
245,0.09430113242559479,0.5596040875875166,-3.2114261483667784e-16,0.11692431102200117,0.5,0.0,0.19,-2.626072733423057e-16,1.7628,-2.5798332558306913e-16,-0.0698,-3.165770611265306e-16,-0.0175,-2.0091830109303178e-17,0.0,0.0,0.5
246,0.09430113242559479,0.5596040875875166,-8.201504052438457e-17,0.11692431102200117,0.5,0.0,0.19,-1.8111569302415455e-16,1.7628,-2.365514933240168e-16,-0.0698,-3.1991676912571874e-16,-0.0175,-2.009183010930353e-17,0.0,0.0,0.5
247,0.09430113242559479,0.5596040875875166,-1.3655045035387264e-16,0.11692431102200117,0.5,0.0,0.19,-2.461329662632856e-16,1.7628,-2.537550628764595e-16,-0.0698,-3.012908296058379e-16,-0.0175,-2.009183010930359e-17,0.0,0.0,0.5
248,0.09430113242559479,0.5596040875875166,-3.215300211971666e-16,0.11692431102200117,0.5,0.0,0.19,-2.8700026683508746e-16,1.7628,-2.6267916025566e-16,-0.0698,-3.3207248574606977e-16,-0.0175,-2.0091830109303717e-17,0.0,0.0,0.5
249,0.09430113242559479,0.5596040875875166,-8.238791375350936e-17,0.11692431102200117,0.5,0.0,0.19,-2.0568524392817682e-16,1.7628,-2.410711688285598e-16,-0.0698,-3.3501939941144506e-16,-0.0175,-1.9787599991896822e-17,0.0,0.0,0.5
250,0.09430113242559479,0.5596040875875166,-3.2116779897532737e-16,0.11692431102200117,0.5,0.0,0.19,-2.707761060397659e-16,1.7628,-2.5828858786972975e-16,-0.0698,-3.164047840423373e-16,-0.0175,-1.9787599991896883e-17,0.0,0.0,0.5
251,0.09430113242559479,0.5596040875875166,-8.204188885844004e-17,0.11692431102200117,0.5,0.0,0.19,-1.8939170942972983e-16,1.7628,-2.368769276762044e-16,-0.0698,-3.1976098590031917e-16,-0.0175,-1.9787599991897235e-17,0.0,0.0,0.5
252,0.09430113242559479,0.5596040875875166,-3.2082230018913486e-16,0.11692431102200117,0.5,0.0,0.19,-2.5451645596383833e-16,1.7628,-2.5410072379466924e-16,-0.0698,-3.0115158480201966e-16,-0.0175,-1.9787599991897296e-17,0.0,0.0,0.5
253,0.09430113242559479,0.5596040875875166,-8.169691760255514e-17,0.11692431102200117,0.5,0.0,0.19,-1.7316603532459677e-16,1.7628,-2.3269545790790247e-16,-0.0698,-3.0451301501862544e-16,-0.0175,-1.9787599991897648e-17,0.0,0.0,0.5
254,0.09430113242559479,0.5596040875875166,-1.0724270312542316e-16,0.11692431102200117,0.5,0.0,0.19,-2.38327271968833e-16,1.7628,-2.494532357965727e-16,-0.0698,-2.8632919286101234e-16,-0.0175,-1.978759999189771e-17,0.0,0.0,0.5
255,0.09430113242559479,0.5596040875875166,-3.2158049190212227e-16,0.11692431102200117,0.5,0.0,0.19,-2.9758977695990856e-16,1.7628,-2.6329092637633466e-16,-0.0698,-3.2573379140178017e-16,-0.0175,-1.97875999918978e-17,0.0,0.0,0.5
256,0.09430113242559479,0.5596040875875166,-8.244031008558652e-17,0.11692431102200117,0.5,0.0,0.19,-2.1639877545973172e-16,1.7628,-2.417062758840405e-16,-0.0698,-3.28699789978529e-16,-0.0175,-1.978759999189815e-17,0.0,0.0,0.5
257,0.09430113242559479,0.5596040875875166,-3.2122212613714796e-16,0.11692431102200117,0.5,0.0,0.19,-2.816139940566841e-16,1.7628,-2.5894709892210113e-16,-0.0698,-3.10104311084038e-16,-0.0175,-1.978759999189821e-17,0.0,0.0,0.5
258,0.09430113242559479,0.5596040875875166,-8.209967973498732e-17,0.11692431102200117,0.5,0.0,0.19,-2.0045268049742447e-16,1.7628,-2.375774231495047e-16,-0.0698,-3.1281256873284477e-16,-0.0175,-1.9787599991898563e-17,0.0,0.0,0.5
259,0.09430113242559479,0.5596040875875166,-2.968141712842931e-16,0.11692431102200117,0.5,0.0,0.19,-2.6570272222229223e-16,1.7628,-2.548247999300185e-16,-0.0698,-2.9422244856091234e-16,-0.0175,-1.9787599991898624e-17,0.0,0.0,0.5
260,0.09430113242559479,0.5596040875875166,-8.212665191356964e-17,0.11692431102200117,0.5,0.0,0.19,-1.9878164876086236e-16,1.7628,-2.3790435864747228e-16,-0.0698,-3.047136411518311e-16,-0.0175,-1.9787599991898948e-17,0.0,0.0,0.5
261,0.09430113242559479,0.5596040875875166,-2.968403853991325e-16,0.11692431102200117,0.5,0.0,0.19,-2.639828668423846e-16,1.7628,-2.551425467765562e-16,-0.0698,-2.861160078018859e-16,-0.0175,-1.978759999189901e-17,0.0,0.0,0.5
262,0.09430113242559479,0.5596040875875166,-5.808424073053608e-17,0.11692431102200117,0.5,0.0,0.19,-1.970128378268373e-16,1.7628,-2.3821289201685997e-16,-0.0698,-2.9659966691583335e-16,-0.0175,-1.9787599991899333e-17,0.0,0.0,0.5
263,0.09430113242559479,0.5596040875875166,-2.9731180967012037e-16,0.11692431102200117,0.5,0.0,0.19,-2.762946925195767e-16,1.7628,-2.608567803642883e-16,-0.0698,-2.8507813495994177e-16,-0.0175,-2.0091830109306614e-17,0.0,0.0,0.5
264,0.09430113242559479,0.5596040875875166,-5.853641292626258e-17,0.11692431102200117,0.5,0.0,0.19,-2.091972939223831e-16,1.7628,-2.4369376711657528e-16,-0.0698,-2.9542646035312116e-16,-0.0175,-2.0091830109306937e-17,0.0,0.0,0.5
265,0.09430113242559479,0.5596040875875166,-2.977610739526622e-16,0.11692431102200117,0.5,0.0,0.19,-2.882918623644266e-16,1.7628,-2.66302408031462e-16,-0.0698,-2.838761080379856e-16,-0.0175,-2.0396060226714218e-17,0.0,0.0,0.5
266,0.09430113242559479,0.5596040875875166,-1.0721457666958094e-16,0.11692431102200117,0.5,0.0,0.19,-2.2105054452396328e-16,1.7628,-2.491123090590909e-16,-0.0698,-2.9389805644351094e-16,-0.0175,-2.070029034412179e-17,0.0,0.0,0.5
267,0.09430113242559479,0.5596040875875166,-3.2154851894789615e-16,0.11692431102200117,0.5,0.0,0.19,-2.8006531300611485e-16,1.7628,-2.6290337541601776e-16,-0.0698,-3.3326453229690306e-16,-0.0175,-2.070029034412188e-17,0.0,0.0,0.5
268,0.09430113242559479,0.5596040875875166,-8.24044802405818e-17,0.11692431102200117,0.5,0.0,0.19,-1.9862590566732183e-16,1.7628,-2.4127197473246804e-16,-0.0698,-3.3619230518713923e-16,-0.0175,-2.070029034412223e-17,0.0,0.0,0.5
269,0.09430113242559479,0.5596040875875166,-3.2118242898089207e-16,0.11692431102200117,0.5,0.0,0.19,-2.6359204728758445e-16,1.7628,-2.5846592127051377e-16,-0.0698,-3.175584973287176e-16,-0.0175,-2.0700290344122293e-17,0.0,0.0,0.5
270,0.09430113242559479,0.5596040875875166,-8.205610481885366e-17,0.11692431102200117,0.5,0.0,0.19,-1.8218098380029358e-16,1.7628,-2.3704924234788446e-16,-0.0698,-3.2022832245714295e-16,-0.0175,-2.0700290344122644e-17,0.0,0.0,0.5
271,0.09430113242559479,0.5596040875875166,-3.2083457331743344e-16,0.11692431102200117,0.5,0.0,0.19,-2.471806008276212e-16,1.7628,-2.542494889861668e-16,-0.0698,-3.0159966592859137e-16,-0.0175,-2.0700290344122706e-17,0.0,0.0,0.5
272,0.09430113242559479,0.5596040875875166,-8.170724264963253e-17,0.11692431102200117,0.5,0.0,0.19,-1.6570471260912584e-16,1.7628,-2.32820609993689e-16,-0.0698,-3.049417886909973e-16,-0.0175,-2.0700290344123057e-17,0.0,0.0,0.5
273,0.09430113242559479,0.5596040875875166,-1.0725107482799138e-16,0.11692431102200117,0.5,0.0,0.19,-2.3074014268823765e-16,1.7628,-2.495547109792175e-16,-0.0698,-2.867386069146793e-16,-0.0175,-2.070029034412312e-17,0.0,0.0,0.5
274,0.09430113242559479,0.5596040875875166,-3.21586904982673e-16,0.11692431102200117,0.5,0.0,0.19,-2.898765012124528e-16,1.7628,-2.6336866068604025e-16,-0.0698,-3.2612379353130017e-16,-0.0175,-2.0700290344123208e-17,0.0,0.0,0.5
275,0.09430113242559479,0.5596040875875166,-8.24447592523528e-17,0.11692431102200117,0.5,0.0,0.19,-2.085590124253391e-16,1.7628,-2.4176020517817707e-16,-0.0698,-3.29070327737142e-16,-0.0175,-2.070029034412356e-17,0.0,0.0,0.5
276,0.09430113242559479,0.5596040875875166,-3.2122460608406565e-16,0.11692431102200117,0.5,0.0,0.19,-2.7364740199445794e-16,1.7628,-2.589771588847397e-16,-0.0698,-3.104553318832845e-16,-0.0175,-2.070029034412362e-17,0.0,0.0,0.5
277,0.09430113242559479,0.5596040875875166,-8.210018514165645e-17,0.11692431102200117,0.5,0.0,0.19,-1.9235891674315894e-16,1.7628,-2.375835492909487e-16,-0.0698,-3.1314401984218277e-16,-0.0175,-2.0700290344123972e-17,0.0,0.0,0.5
278,0.09430113242559479,0.5596040875875166,-2.9681269681593916e-16,0.11692431102200117,0.5,0.0,0.19,-2.574814431859776e-16,1.7628,-2.5480692758633427e-16,-0.0698,-2.945342771073334e-16,-0.0175,-2.0700290344124034e-17,0.0,0.0,0.5
279,0.09430113242559479,0.5596040875875166,-8.21231922210047e-17,0.11692431102200117,0.5,0.0,0.19,-1.9043250992418451e-16,1.7628,-2.3786242298001845e-16,-0.0698,-3.050057941194755e-16,-0.0175,-2.0700290344124358e-17,0.0,0.0,0.5
280,0.09430113242559479,0.5596040875875166,-2.968349351187163e-16,0.11692431102200117,0.5,0.0,0.19,-2.555055227562162e-16,1.7628,-2.550764827715116e-16,-0.0698,-2.863884320316568e-16,-0.0175,-2.070029034412442e-17,0.0,0.0,0.5
281,0.09430113242559479,0.5596040875875166,-5.807679448413704e-17,0.11692431102200117,0.5,0.0,0.19,-1.884069421087234e-16,1.7628,-2.381226344847504e-16,-0.0698,-2.9685230910500965e-16,-0.0175,-2.0700290344124743e-17,0.0,0.0,0.5
282,0.09430113242559479,0.5596040875875166,-2.973023620650763e-16,0.11692431102200117,0.5,0.0,0.19,-2.6755989785121303e-16,1.7628,-2.6074226393951186e-16,-0.0698,-2.8531094166179015e-16,-0.0175,-2.1004520461532023e-17,0.0,0.0,0.5
283,0.09430113242559479,0.5596040875875166,-5.852495855534157e-17,0.11692431102200117,0.5,0.0,0.19,-2.0033325204708754e-16,1.7628,-2.435549262569265e-16,-0.0698,-2.9563937797650687e-16,-0.0175,-2.1004520461532347e-17,0.0,0.0,0.5
284,0.09430113242559479,0.5596040875875166,-2.977476073940231e-16,0.11692431102200117,0.5,0.0,0.19,-2.7929822408460373e-16,1.7628,-2.6613917701765487e-16,-0.0698,-2.8406908284698246e-16,-0.0175,-2.1308750578939627e-17,0.0,0.0,0.5
285,0.09430113242559479,0.5596040875875166,-1.0719909248673405e-16,0.11692431102200117,0.5,0.0,0.19,-2.1192695969856242e-16,1.7628,-2.4892462199428017e-16,-0.0698,-2.9407103455701006e-16,-0.0175,-2.16129806963472e-17,0.0,0.0,0.5
286,0.09430113242559479,0.5596040875875166,-3.2153101168966353e-16,0.11692431102200117,0.5,0.0,0.19,-2.708114305480812e-16,1.7628,-2.6269116622531957e-16,-0.0698,-3.3341745968822064e-16,-0.0175,-2.161298069634729e-17,0.0,0.0,0.5
287,0.09430113242559479,0.5596040875875166,-8.238494444105766e-17,0.11692431102200117,0.5,0.0,0.19,-1.892413735410399e-16,1.7628,-2.4103517716247856e-16,-0.0698,-3.363251276836232e-16,-0.0175,-2.1308750578940395e-17,0.0,0.0,0.5
288,0.09430113242559479,0.5596040875875166,-3.2116085915940285e-16,0.11692431102200117,0.5,0.0,0.19,-2.5407651250631647e-16,1.7628,-2.58204468888827e-16,-0.0698,-3.176711606113533e-16,-0.0175,-2.1308750578940456e-17,0.0,0.0,0.5
289,0.09430113242559479,0.5596040875875166,-8.203096781161358e-17,0.11692431102200117,0.5,0.0,0.19,-1.7243570184213411e-16,1.7628,-2.36744551351035e-16,-0.0698,-3.209879044465051e-16,-0.0175,-2.1308750578940807e-17,0.0,0.0,0.5
290,0.09430113242559479,0.5596040875875166,-1.3656405434548403e-16,0.11692431102200117,0.5,0.0,0.19,-2.3730334154758113e-16,1.7628,-2.53919959744477e-16,-0.0698,-3.0233893871845527e-16,-0.0175,-2.130875057894087e-17,0.0,0.0,0.5
291,0.09430113242559479,0.5596040875875166,-3.2154129561612547e-16,0.11692431102200117,0.5,0.0,0.19,-2.7802060430872165e-16,1.7628,-2.6281581987940394e-16,-0.0698,-3.330975064387557e-16,-0.0175,-2.1308750578940995e-17,0.0,0.0,0.5
292,0.09430113242559479,0.5596040875875166,-8.23968523058215e-17,0.11692431102200117,0.5,0.0,0.19,-1.9655513822190468e-16,1.7628,-2.411795149171916e-16,-0.0698,-3.360212693043547e-16,-0.0175,-2.10045204615341e-17,0.0,0.0,0.5
293,0.09430113242559479,0.5596040875875166,-3.2117439534999357e-16,0.11692431102200117,0.5,0.0,0.19,-2.6149515068912364e-16,1.7628,-2.5836854392628977e-16,-0.0698,-3.1738344058708913e-16,-0.0175,-2.1004520461534162e-17,0.0,0.0,0.5
294,0.09430113242559479,0.5596040875875166,-8.204613672741023e-17,0.11692431102200117,0.5,0.0,0.19,-1.7995949687207605e-16,1.7628,-2.36928416997055e-16,-0.0698,-3.207163663795396e-16,-0.0175,-2.1004520461534513e-17,0.0,0.0,0.5
295,0.09430113242559479,0.5596040875875166,-1.3658086039775194e-16,0.11692431102200117,0.5,0.0,0.19,-2.4493257753538647e-16,1.7628,-2.5412366946893633e-16,-0.0698,-3.020836263288866e-16,-0.0175,-2.1004520461534575e-17,0.0,0.0,0.5
296,0.09430113242559479,0.5596040875875166,-3.2155974322804815e-16,0.11692431102200117,0.5,0.0,0.19,-2.8575556613272404e-16,1.7628,-2.630394272966486e-16,-0.0698,-3.328584635648042e-16,-0.0175,-2.10045204615347e-17,0.0,0.0,0.5
297,0.09430113242559479,0.5596040875875166,-8.2416945912533e-17,0.11692431102200117,0.5,0.0,0.19,-2.0439611153011695e-16,1.7628,-2.414230737864219e-16,-0.0698,-3.357985399026819e-16,-0.0175,-2.1004520461535052e-17,0.0,0.0,0.5
298,0.09430113242559479,0.5596040875875166,-3.2119613939861063e-16,0.11692431102200117,0.5,0.0,0.19,-2.6944242190131596e-16,1.7628,-2.586321081519513e-16,-0.0698,-3.1717706873311783e-16,-0.0175,-2.1004520461535114e-17,0.0,0.0,0.5
299,0.09430113242559479,0.5596040875875166,-8.207106334536961e-17,0.11692431102200117,0.5,0.0,0.19,-1.8811174376333697e-16,1.7628,-2.372305578208053e-16,-0.0698,-3.1985926388142725e-16,-0.0175,-2.1004520461535465e-17,0.0,0.0,0.5
