time,command,qpos_0,qpos_1,qpos_2,qpos_3,qpos_4,qpos_5,qpos_6,qpos_7,qpos_8,qvel_0,qvel_1,qvel_2,qvel_3,qvel_4,qvel_5,qvel_6,qvel_7,qvel_8
0.01,0.0,-4.305353927978848e-06,-0.0016886635451667524,-5.250502512702594e-06,-0.007288496748316189,5.083466079361864e-06,0.020814767879676784,-0.007258914795304792,7.152614772724281e-06,-7.152614772676745e-06,-0.000570840243308558,-0.13977395171019352,-0.0007585692068547647,-0.8611217456797626,-0.0019508154915727758,3.5403138717232,-1.3111205488695985,-0.0014613772806180625,0.0014613772806218342
0.020000000000000004,0.05226423163382673,0.004662762290471427,-0.0026477183397567053,-0.00015044092905115846,-0.017534114943209764,-0.00010647168706365234,0.0664684389676713,-0.02577154729314477,1.2906088666128592e-05,5.2891976141216536e-06,0.7999581556461565,-0.06745055137120468,-0.06248551248708285,-1.1300586911046846,-0.041053531645839046,4.948166150096557,-2.0720186537599923,0.004370457568757757,-0.0016676258214084801
0.030000000000000013,0.10395584540887966,0.014117979909295256,-0.002738988832240235,-0.0001952500013250052,-0.02896555003616026,-0.00015492357333401268,0.11505518899642672,-0.04676485650264265,1.8611701024000868e-05,1.9082025014684366e-05,0.9196604398116695,0.027357528675219463,0.004699283833873308,-1.1114904601703406,0.003802582912185574,4.635042100034181,-2.0075728887735917,0.0016011492704677164,-8.352738038146153e-05
0.04000000000000002,0.1545084971874737,0.027636167411093343,-0.0020400411883918926,-0.0003210075736094449,-0.038975036580975925,-0.00025574538908245347,0.15518818702616516,-0.06338374677855439,3.011498852098616e-05,1.7938381904201937e-05,1.6558484382438807,0.0910012096877136,-0.06338042336620733,-0.91395404522244,-0.04359107805969733,3.580002124228296,-1.3692728194678199,0.004026526898797612,-0.0032659587132860867
0.05000000000000003,0.20336832153790008,0.04447499478920473,-0.0010157081894820845,-0.0003345747997366093,-0.04659371299827056,-0.0002885458726393879,0.18474759792328702,-0.07240027340045455,3.0435537543294926e-05,2.218372082585353e-05,1.6252737953221905,0.10415952901452245,0.006551523619013203,-0.6595379124419066,0.004673592544703034,2.5471020734793073,-0.5855511635198589,0.0007805672881474317,-0.000496751188433802
0.06000000000000004,0.24999999999999997,0.0644219413905248,-1.5692240733740842e-05,-0.0004513399585187366,-0.051933009690370395,0.0007442734618278654,0.20425833571182062,-0.07342109942497285,3.322568413278124e-05,2.0352187501018686e-05,2.3033238447093836,0.0946714201795273,-0.054024148112715,-0.45299700925915326,-0.061335697870021966,1.5490179465291538,0.29430965612397286,0.0016830312476831429,-0.0016930052589623555
0.07000000000000005,0.29389262614623657,0.08648623334424935,0.0006874518481417282,-0.0004113179591973347,-0.05585299646780722,0.0006468428311107351,0.21410980156160553,-0.0668096309818857,3.247892882197563e-05,1.98740838536281e-05,2.121780264617843,0.05302380906646324,0.008637998771097891,-0.36861940263350723,-0.003924244400655256,0.6336470373176022,0.6784054503639847,0.0004866193758835724,-0.0006714943040114972
0.08000000000000006,0.3345653031794291,0.11118897627197927,0.001134181666958493,-0.0005189007839806481,-0.059241667083234466,0.0016172541584557358,0.2147323126596309,-0.06037920943826524,3.180969195894551e-05,1.805795316859561e-05,2.7664816408603463,0.039913227802707445,-0.05390103495329465,-0.3173715925233156,-0.06979591962125598,-0.30893853580123143,0.6192727818970466,0.0015034184760930754,-0.0017862756966785308
0.09000000000000007,0.37157241273869707,0.13630772559122323,0.0014525846538334239,-0.0004211560275470485,-0.06205923778668151,0.001479806819403546,0.20698146659760458,-0.05457479055122574,3.457635627520165e-05,1.2138854687710806e-05,2.407788434821383,0.02553781878051123,0.010597208807456874,-0.2586787092049276,-0.010508576499282623,-0.8658821408397595,0.5616265383963932,-5.379428006816253e-05,-0.0002778986020297212
0.10000000000000007,0.4045084971874737,0.16378940069414524,0.0016722114873017908,-0.0005245550284035496,-0.0643528994405597,0.002390515764732705,0.2018541561820895,-0.04926423030258658,2.865226252273917e-05,1.4619153860980187e-05,3.0387217382784875,0.01965080545958304,-0.05393537095319305,-0.20911177131278064,-0.07519892103999859,-0.3229656650065745,0.5077361355789869,0.001199607791549396,-0.001549249414166451
0.11000000000000008,0.4330127018922193,0.18868906105513128,0.001788750905276582,-0.0003107539498865417,-0.06614041932052034,0.002267522322785373,0.2002307017276452,-0.04454693550527731,1.5795623318224943e-05,2.3973721089639526e-05,2.123793037051282,0.006910974993424102,0.0772370003767469,-0.15945447491523446,0.027870234238331917,-0.08653031476996682,0.44873499656172783,-0.004225742886205783,0.0038770917630991638
0.12000000000000009,0.45677272882130043,0.2140411103744774,0.001889583441054553,-0.0003904309548422541,-0.06751844340702928,0.001971125530455101,0.1998088389848217,-0.04029082243477558,2.1990936507165787e-05,1.4358620600038932e-05,2.8099341085801424,0.012263727796604475,-0.06488308456288307,-0.12415754219795319,-0.06806530353435676,-0.022864520008635154,0.40692401774150694,0.0038579028425099584,-0.00419431347343168
0.1300000000000001,0.47552825814757677,0.2367237378706066,0.0019511174353185241,-0.00019322923546670552,-0.06853174043038321,0.001890389001699407,0.19966767886462025,-0.03653730027340443,1.232923012228958e-05,2.076411137997336e-05,1.9084019258711582,0.00209383244309249,0.07620698855375486,-0.08693600932585677,0.03190401971302405,-0.015019381235184454,0.3575076248971917,-0.004198585041019867,0.003880751093653095
0.1400000000000001,0.48907380036690284,0.2599916270695362,0.002006408191925038,-0.0002853179542913439,-0.06925602102061455,0.001631145621055771,0.19934941658274977,-0.0331114215791753,1.892668839399441e-05,1.1116938967194628e-05,2.6062642492039894,0.007908742712684273,-0.06620463567137132,-0.063223593592492,-0.06451734653558111,-0.0435335818186688,0.333012745456922,0.0039132958009494056,-0.004209428731055305
0.1500000000000001,0.49726094768413664,0.28071606714302366,0.0020295173963518877,-9.897477399896132e-05,-0.06970673782541624,0.0015834243478988436,0.19884144260788428,-0.03001451676517089,9.385391848451189e-06,1.7833757971146917e-05,1.7173577287380577,-0.0015147596388067498,0.07523628615981211,-0.033632024537403146,0.035046439104085864,-0.054597415696364116,0.29447647981561226,-0.0042119789709338185,0.00393871037846428
0.16000000000000011,0.5,0.3021279506935987,0.0020733024774269313,-0.00020178025164992652,-0.06985136689034782,0.001352545381913721,0.19818968178108307,-0.027187818130889874,1.6259819211184933e-05,8.36367233533374e-06,2.4241055136989935,0.007575385654357716,-0.06729377314977254,-0.0017837980198751977,-0.06179671183643491,-0.07129899853277258,0.27504599673492586,0.0039505889461648154,-0.004201088386700253
0.17000000000000012,0.4972609476841367,0.32109114568074687,0.0020542158368166853,-2.4582553396788453e-05,-0.06983852474885033,0.0013318983963718713,0.19750128814732218,-0.024637170329746057,6.802593612727019e-06,1.5448580881280778e-05,1.5452060351096242,-0.0074719777876930266,0.0743846130249275,0.0027158107629190785,0.03769370118677448,-0.06620058611091484,0.24213095143988964,-0.004216922947097304,0.0039883946646519
0.18000000000000013,0.48907380036690284,0.3372148029568733,0.001987176602565705,2.079392918448504e-05,-0.06979475677569193,0.0012490848404846297,0.19681920154231902,-0.022323125632498043,1.1034841948876188e-05,9.056480795192409e-06,1.554748948681541,-0.006992660687611846,0.004586327518953725,0.004496317983863414,-0.008893490949347434,-0.06792428810915238,0.22384807989912217,0.0008078979149764459,-0.0010156991996284664
0.19000000000000014,0.4755282581475768,0.3506163541256403,0.0019045527550059038,9.788882421057052e-05,-0.06974579024059362,0.001195156462587034,0.1961677899735417,-0.020194308742355734,1.8299228076606337e-05,-1.6887825083369617e-07,1.2791775361665487,-0.00799537841640314,0.0033242571296367776,0.004717269263124672,-0.008591809633978643,-0.0619282243104982,0.20464165078160854,-0.0002300571800259175,4.156596382316776e-05
0.20000000000000015,0.4567727288213005,0.35904566454813247,0.001789385486971386,0.00027093828389325404,-0.06970327265364343,0.00018033284353438813,0.19561263953458358,-0.01829456874583222,7.749612756873822e-06,8.60390959892838e-06,0.48600898735441156,-0.01212541142420576,0.060558891628788566,0.0027182484017680046,0.077737537880473,-0.05196196690786353,0.18146496886214128,-0.0025655749174544338,0.002394898589466255
0.21000000000000016,0.43301270189221935,0.368803760741115,0.0017244912551188296,0.0001366801328193854,-0.06969314148744751,-0.0014515246498747352,0.19510407036789104,-0.01655688934454551,1.0174682627419652e-05,4.571279871275681e-06,1.302593606273566,-0.00304545814187454,-0.06272337381061155,7.562213793456092e-05,-0.32417256757091883,-0.05008054718561853,0.16878410562201926,0.0021065056129327105,-0.002260841948998637
0.22000000000000017,0.4045084971874737,0.3724570075131355,0.001637882998259401,0.0003160658805691232,-0.06966894192755352,-0.0012420834253041135,0.19466699479981625,-0.014990853406311094,9.068499203048656e-06,4.224698775702108e-06,0.3286248907002227,-0.007289801918345832,-0.0016424840832715022,0.0025664783843563177,0.013368074223385283,-0.04192549328255031,0.1511034102155556,-4.583420021792446e-06,-0.00013483969811098576
0.23000000000000018,0.37157241273869723,0.37161051343066054,0.0015412851006790403,0.0004572120070587486,-0.06963521431578383,-0.002092220019704239,0.1942965651487195,-0.013587644691907248,3.1673955543058993e-06,8.814001989298988e-06,-0.4254770935447244,-0.009975104246729188,0.057593795630788716,0.0021502517013435958,0.08790654699974543,-0.03423636471164819,0.13408356336007896,-0.0022362853992934652,0.002110426783097688
0.24000000000000019,0.334565303179429,0.3680460046922335,0.0014708739691975622,0.00044402851748789077,-0.06962501268933255,-0.002240405184977657,0.19395961610131568,-0.01231002215482455,2.454102622833796e-06,8.343528552286462e-06,-0.33713451696932484,-0.00571009189015109,0.0017371966784405085,0.0004896297031951528,-0.08897382454718678,-0.033961684230131,0.12338723603142837,-0.0004290929224942477,0.00031554266772233753
0.25000000000000017,0.2938926261462366,0.36000054492322264,0.001410781910929112,0.0005402365130667422,-0.0696186766813052,-0.0005938322482297806,0.19363896545409282,-0.011140810721515326,1.745033155782275e-06,7.98487488920093e-06,-1.1325588848039763,-0.006776374348916805,0.05604717563941583,0.0006588802324877143,0.3248089706791242,-0.028372126380706724,0.11132383104498007,-0.0021886918757055133,0.002086289266302201
0.2600000000000002,0.24999999999999997,0.3494445989268022,0.0013537132427146152,0.0005357952109537887,-0.06961344138944736,-0.0003002987271123116,0.19339212049073812,-0.01008939553488023,7.034606572652849e-08,8.696862520897027e-06,-1.017898303939984,-0.003399676160999071,-0.008333737636958917,-0.0003568433989752113,0.00027703141957620593,-0.02260259984783754,0.10145210811126283,-0.0001294659255446613,3.714881700639552e-05
0.2700000000000002,0.20336832153790002,0.33532543133932446,0.0013040600478468258,0.000636465465725741,-0.06960510263585488,-0.0007190081371842998,0.19320811707066785,-0.009140978095533771,5.2130940923191775e-06,1.4473653685305777e-05,-1.7195024094842934,-0.00576374309247723,0.0632747480540409,0.0010322764471455462,0.055557799475764266,-0.014098344005574871,0.08953582827979348,-0.0029605241203260486,0.0046363899358678705
0.2800000000000002,0.15450849718747375,0.31798619122993815,0.001271964425293437,0.0006095777382300007,-0.06960580636844949,-0.0006096797984746561,0.19306809244928186,-0.00826620348358156,1.4022353464708248e-05,1.7572288577922775e-05,-1.6734054410008392,-0.0006704406290894548,-0.011028504848977532,-0.001478923640766476,0.0020623128978974627,-0.012004642148918023,0.08391730434782113,-0.00026510263725083394,0.0011777766614167041
0.2900000000000002,0.10395584540887966,0.29746745463635615,0.0012491486045282127,0.0006950450500630088,-0.06960750875487337,-0.0010213603349348598,0.19297281175246736,-0.007484976527209075,1.455607342409298e-05,2.3075263559130868e-05,-2.349337959728365,-0.0031338625834373083,0.06182819715550733,0.00013921254483655185,0.05763628193903762,-0.006505175646501285,0.07343331480949428,-0.0036916480712309453,0.004118980549726798
0.3000000000000002,0.05226423163382687,0.27393744583116764,0.0012430277225179366,0.0006531642991649375,-0.06961695530135019,-0.0008911307278880641,0.19289223948126724,-0.006762550564770545,1.7013179344904543e-05,2.2954384447122666e-05,-2.269197880412097,0.0020122165117481897,-0.013291602126485343,-0.0025075019558032396,0.003364285663199001,-0.006994785286972608,0.06912271740616291,-0.0009033123083606032,0.0010271720698965482
0.3100000000000002,6.123233995736766e-17,0.2476025726576576,0.0012458936031038512,0.000727065495796371,-0.06962799613200715,-0.001297032628960111,0.19283258705473144,-0.006118399055612626,1.5077504961725759e-05,2.4943487602414213e-05,-2.921698368848156,-0.0006529718094521611,0.060736960829672115,-0.0006976292025762604,0.059526845096527364,-0.0036941652667325173,0.06036931211545646,-0.0038882759968700865,0.0038271962880071803
0.32000000000000023,-0.05226423163382675,0.21879775643340454,0.0012661210786680613,0.000663589204896731,-0.06964808414193994,-0.0011564772785129641,0.19277529334505836,-0.00552210126579568,1.4005714899368583e-05,2.4707177371518368e-05,-2.7748861374805887,0.004601611544923549,-0.015009903300184776,-0.0035696124391645053,0.004639574511963938,-0.005088149230823316,0.05694174610376835,-0.001118154295224405,0.0009489826567857797
0.33000000000000024,-0.10395584540887953,0.18752656769664597,0.0012921111599789685,0.000730203537618715,-0.06966770404608782,-0.0015553767496586234,0.19272858178298524,-0.004990303380420073,1.2382193483142713e-05,2.4255614243225206e-05,-3.40744402809627,0.0014984088585882627,0.060061005545607005,-0.0014092505428688852,0.061371251530133106,-0.002641543227622051,0.049668990561523074,-0.003872876972640292,0.0036449999231026676
0.34000000000000025,-0.15450849718747386,0.15463047138613953,0.0013366048891193742,0.0006396856130423916,-0.06969923071715287,-0.0014133340015676866,0.19268331424803464,-0.004500426903156362,8.490070918137929e-06,2.568554857851169e-05,-3.164824205228377,0.006824084216502673,-0.016092982289647333,-0.004541314162709001,0.006038860741452691,-0.004173837441184417,0.04675358221354677,-0.0010779159203952008,0.0008227354772141501
0.35000000000000026,-0.2033683215378999,0.11955282008884659,0.0013805027171913842,0.0007037071872263733,-0.06972535758525585,-0.0018022859454892672,0.19264254247117465,-0.004061818513809294,8.619461029126415e-06,2.2946061816259868e-05,-3.781990340923323,0.003061678353935041,0.0598388402221707,-0.0018652420578887255,0.06327172953577288,-0.0021122169887678455,0.040825602315423426,-0.0037538394089424833,0.003490956377745635
0.36000000000000026,-0.25000000000000006,0.0839579082756229,0.0014444061448093926,0.0005820296672898044,-0.06976768865236804,-0.0016658977951000866,0.19260635769743767,-0.0036627149444644715,1.9355184560394357e-06,2.7019403087681265e-05,-3.419083972916876,0.008410248304014805,-0.016482485418993283,-0.005294457287948467,0.007667369442447808,-0.0036235663181866584,0.03818987166757871,-0.0008503471822712192,0.0005916955270997397
0.3700000000000003,-0.2938926261462365,0.046268345350355525,0.0015010080621082255,0.0006489137815785773,-0.0697967938374762,-0.0014163626044351217,0.1925679568894611,-0.0032972764424490024,4.680318886524725e-06,2.1751105457073435e-05,-4.024829379182458,0.003441016960535061,0.06049443314856329,-0.0014793522855861422,0.05966336814821584,-0.0012957788970488562,0.03331559566167332,-0.0036196792508879335,0.003372205301831568
0.3800000000000003,-0.3345653031794291,0.011682369107313541,0.0015942971172645955,0.000409465245035626,-0.06981939627379959,-0.0014131248690791775,0.1925144199265275,-0.0029313040993797774,1.5138135770021803e-05,8.906080414493546e-06,-3.0821077125894822,0.013214400958123432,-0.08023672557673481,-0.0016355741205865697,-0.03918510616383114,-0.007941304183926448,0.038642556443133136,0.004258682507438467,-0.00449122827549342
0.3900000000000003,-0.371572412738697,-0.025246606413002325,0.0016485141125498581,0.0004541635575749515,-0.06982022534088066,-0.0012174723606991516,0.19250260433090788,-0.0026311478190361474,1.5663978075278465e-07,2.1661252307250062e-05,-3.5454608236763305,0.0071816692346203335,-0.015233652903499966,-0.0006039690981247977,0.0032406625434393214,-0.0016594507657045664,0.02882683780840391,-0.0010050884901764334,0.0007892087872872025
0.4000000000000003,-0.40450849718747367,-0.06203728750171371,0.0017081615032329132,0.00039309919574574654,-0.06982373794483075,-0.0011191146016668136,0.19246658587878404,-0.002337997590060578,8.317274532788807e-06,1.1444793957978116e-05,-3.503474601088154,0.007426167422710085,-0.012331175601531678,-0.001160228226876455,0.004126748018436504,-0.0034061787194434503,0.02885397684016518,-0.0011494225627740396,0.0009507002417045991
0.4100000000000003,-0.4330127018922192,-0.0989868050796786,0.001760428776428759,0.0003201601108465055,-0.06982550432317791,-0.0016652777606806213,0.19243693646013157,-0.002068177094800093,1.2503280115896143e-05,5.373312964245982e-06,-3.3953425838772042,0.009239576433152962,-0.016978863541599554,-0.002439783561803047,0.0006380382647464822,-0.005110144256141549,0.028792190211986878,7.494337709753208e-05,-0.000256786058845551
0.4200000000000003,-0.4567727288213005,-0.13333926616440206,0.0018258052250901087,0.0002595962242232072,-0.06983834726956743,-0.0015377059140562054,0.1924123918409384,-0.0018083078612555036,4.481027705823878e-06,1.167439727318281e-05,-3.311198657702132,0.006620966436395071,-0.012701248000236039,-0.0012189028387300373,0.0068161377619620055,-0.0006093442065908547,0.0232187426348849,-0.0017747923819552204,0.0016090426942589808
0.4300000000000003,-0.47552825814757677,-0.16622483985099268,0.0018759556087592523,0.0001908776936827638,-0.06984449321585272,-0.0014310316368857789,0.19240142258923262,-0.0015889553793871913,-8.498897622796937e-07,1.5439360393236395e-05,-3.166626759785932,0.005199382471005842,-0.011663850966671033,-0.0006730950320044937,0.005984827101911022,-0.0007414658937552524,0.02017979611864657,-0.0011383974428983991,0.0009877654301683131
0.44000000000000034,-0.4890738003669028,-0.1972733066687085,0.0019158650964574426,0.00011903110819558332,-0.0698469685070275,-0.0013430043722180759,0.1923852159473812,-0.0013957657535718087,-3.815088214854884e-06,1.6983311799249885e-05,-2.9875070151512015,0.004045644748480531,-0.01047003244117773,-0.00026939378736388675,0.0054510151489011865,-0.0015416014563701729,0.018044439366019387,-0.00075970078639831,0.0006230996994064722
0.45000000000000034,-0.49726094768413664,-0.22614603782374115,0.001946834542047052,4.492517875272017e-05,-0.06984637273457686,-0.001271353461978426,0.1923639188522083,-0.0012235264996684524,-5.927389454859994e-06,1.780798262678844e-05,-2.7758033264115975,0.0029549350592324225,-0.009153450790563213,0.00011240456160615389,0.0051689256124639645,-0.0020898454096759033,0.016270600901264094,-0.00046544693673468613,0.0003417612910176835
0.46000000000000035,-0.5,-0.2525280826777907,0.0019691851029835796,-3.054038415583694e-05,-0.06984273728660949,-0.0012139103213336267,0.19234059057116376,-0.0010696881949673553,-7.647451364949197e-06,1.8362970981079826e-05,-2.533819142996588,0.0018823389595685014,-0.007727029095259709,0.0004987822656721689,0.005115128140183464,-0.0023467172311276156,0.014710550324263888,-0.0001945586135515833,8.269378825673209e-05
0.47000000000000036,-0.49726094768413664,-0.27613163384670786,0.001983143966122638,-0.00010644507001786098,-0.06983603896188086,-0.0011686166053006823,0.19231746804578329,-0.0009323907244913616,-9.108311654747812e-06,1.8770648473470737e-05,-2.264192342549691,0.0008385140445215926,-0.0062064584113685605,0.0008840933366700415,0.005263721577226658,-0.002428682605482464,0.013325743792280274,6.932727596010196e-05,-0.00017041641665689562
0.48000000000000037,-0.4890738003669028,-0.29669920116437254,0.0019891473419660277,-0.00018186665029646358,-0.06982637482201237,-0.0011335355205546922,0.19229569168075528,-0.0008099584235874835,-1.0346011367319909e-05,1.9056984428066803e-05,-1.9698654110431888,-0.00014759238003558378,-0.004609024165538428,0.0012521431994942512,0.005588228537123923,-0.0024298671828236694,0.012102508201280537,0.0003291206097422021,-0.00042041454176279953
0.4900000000000004,-0.4755282581475768,-0.31400644778752795,0.0019879273279777014,-0.0002558946345290024,-0.06981401242532954,-0.0011068537886393293,0.19227571140558083,-0.0007008057395165892,-1.1368677865582978e-05,1.922072650430691e-05,-1.6540528106380925,-0.0010431063765638008,-0.002953077656972423,0.0015844292906284868,0.006062275914367293,-0.00240063901536768,0.011030234328408925,0.0005837330044449276,-0.000666140858974986
0.5000000000000003,-0.45677272882130054,-0.326087988288313,0.0019992881288935023,-0.0004178332192106951,-0.06980735593389892,-0.00016459362910186827,0.1922348960134702,-0.0005606570175116105,1.2545256187836257e-05,1.549623630291174e-05,-0.8444453519752166,0.0019926369858511133,-0.05943019344222118,0.003289072268853763,-0.09016394563203822,-0.004159331794946163,0.014835143081200198,0.003839856068738221,-0.0017021531071028384
0.5100000000000003,-0.4330127018922193,-0.33793201655969807,0.0019660613018049403,-0.00040933404384387387,-0.0697935527978677,0.0008316256404019822,0.1922187815328013,-0.00043363934251634356,2.706893284654384e-05,1.609868780809019e-05,-0.945684836089689,-0.0017321096972549958,-0.004471374328154365,0.00017750105560579904,0.0797626730679388,-0.003524816155652781,0.014877263538472647,0.0029413378479597805,-0.00178700644817056
0.5200000000000004,-0.4045084971874738,-0.3425083749104986,0.001955261676486682,-0.0005439538086276553,-0.0697986002817798,-0.0004332673416053465,0.19220399679511946,-0.0002973520465640969,3.456342793486441e-05,1.6169272940119074e-05,-0.1574164473148263,0.0024373851639325657,-0.06837292732300781,0.001070823847496244,-0.04383146876309432,-0.004165175730991094,0.0164986476905542,0.004493303894224095,-0.003963710364690278
0.5300000000000004,-0.371572412738697,-0.345261144841778,0.0019334058632559516,-0.0005078659924999389,-0.06978198895328704,-0.0004181860470567733,0.19220715129730298,-0.00017503638796335946,3.097396220149601e-05,2.2564183221380413e-05,-0.26938952475729566,-0.003914416316729983,0.00432060601837836,0.0021912549313508,0.003242302011422503,0.001646708968843772,0.010376463463000567,-0.0006717403780656091,0.0008112652798726171
0.5400000000000004,-0.3345653031794294,-0.343829313213315,0.001918658152411571,-0.0006292203018823163,-0.06979277275731707,0.0005678019712747243,0.19220781745176,-6.256262622618152e-05,3.154892164693103e-05,2.1864226216621217e-05,0.48344562292720955,-0.0008170433520204327,-0.05573532528605969,-0.0011010742069266174,-0.0770078548987595,-0.0007196369472122423,0.011238567109535719,0.0018582258729706062,-0.0019558215865479356
0.5500000000000004,-0.2938926261462367,-0.3390565604712865,0.0018954887108565668,-0.0006130817404565468,-0.06979424276302587,0.0005732556176832324,0.19221377689877836,2.5270378944912105e-05,2.7599644494804145e-05,2.3946521800854994e-05,0.4567126599901834,-0.0031287655947392226,0.00031579247254354646,0.0006867538626945195,0.07234339695678674,-8.67552655050897e-05,0.008561336826132611,0.00041630636513685074,-0.0006519167892002145
0.5600000000000004,-0.2500000000000002,-0.32984318300558424,0.001872497133802068,-0.0006914646818395001,-0.06979836239644409,-0.001261963789074455,0.19221001895410683,0.00010558657167479942,2.703599464140014e-05,2.16679332506476e-05,1.2474492221573974,-0.0010807982587686098,-0.054377371834309574,-0.0006379423561059035,-0.3452280445654229,-0.0019747920950862574,0.008906367679183286,0.0020430114543039477,-0.002352943227136109
0.5700000000000004,-0.20336832153790008,-0.3177306800408821,0.001869581679705459,-0.00068855346666638,-0.06979309520284374,-0.0016223941017446603,0.19219973933727982,0.00018045034815147954,2.3810398234995975e-05,2.1565770288744933e-05,1.1701687513514252,-0.0018777054386463633,0.009774682166793714,0.0021176975707142185,0.017903046334771078,-0.0005020684191673578,0.006728044305864063,9.489302405683121e-05,-0.000438674037008753
0.5800000000000004,-0.1545084971874738,-0.30213088298897717,0.0018686483758379147,-0.0007730191648216444,-0.06980203012279734,-0.0010294664172512714,0.19218931001425635,0.00025484059306154957,2.4482304550944102e-05,1.7388937969980223e-05,1.8647961655566814,0.0010644695339711513,-0.06175305679764044,-0.0016395532428639145,-0.03817890186889157,-0.003015204649307996,0.008876844228966207,0.003784089956598076,-0.004136463372723347
0.5900000000000004,-0.10395584540887993,-0.2831348827456846,0.0018731512290956268,-0.0007373658727443294,-0.06979276764646679,-0.0009794798967888668,0.19218941191067018,0.00030786703332034965,2.0286999120190175e-05,1.809175002187139e-05,1.8341513921076222,-0.0016668924727605723,0.012804275342603779,0.0021043597898832995,0.014026764421313648,-0.00034910615968666554,0.0054199835450304285,0.0007319406945388997,-0.0010775649320995174
0.6000000000000004,-0.05226423163382715,-0.2610477820805073,0.0018812841554499686,-0.000808543641168542,-0.06979782171458454,-0.0004237838763808424,0.19218139463569342,0.0003703920793409587,2.1562052778205832e-05,1.3449196054473589e-05,2.5033268534727724,0.00305313393194124,-0.060537117753481376,0.0014597045897854935,-0.0434208806000872,-0.002671871764315656,0.007750481169396959,0.003787838677897058,-0.0041178141087679174
0.6100000000000004,-1.2246467991473532e-16,-0.23599461476543715,0.0018940953099215797,-0.0007535974586557954,-0.06979178420989508,-0.0004184837251270313,0.19218266181205493,0.00041561528270139467,1.917324872961669e-05,1.2658311097002258e-05,2.4158686561411633,-0.0008452755775026109,0.01480402770522023,0.001528885242013477,0.00986605379032647,-0.0002443776978861193,0.004818874049094623,0.0008946215922441208,-0.0012041596774542342
0.6200000000000004,0.052264231633826465,-0.2082280342581808,0.0019137594498158455,-0.0008159666691426184,-0.06979807190051246,0.00010247658258565573,0.19217842838495608,0.0004701703767745449,1.947530497144618e-05,9.395468214613237e-06,3.0622548671547647,0.0031004780196569473,-0.059708117580257444,-0.0018399888951241617,-0.04790085003663794,-0.002340437101250016,0.006894455424330311,0.003703696234367751,-0.003990651524094759
0.6300000000000004,0.10395584540887969,-0.1782285122857822,0.0019341480187252877,-0.0007362618750936728,-0.0698019745387611,7.765013864442429e-05,0.1921808496075987,0.0005117694801213678,1.940870855641659e-05,6.731277258952878e-06,2.8888450770301812,4.309225808494838e-05,0.01618184537135557,0.0009189759304956589,0.006152757168435864,-4.089569990311549e-05,0.004483311093332349,0.0009048814002294848,-0.0011687257759785672
0.6400000000000005,0.1545084971874736,-0.14584458619002055,0.0019667582860822454,-0.0007944204877133801,-0.06980525608780273,0.0005668623241682153,0.19218080422948136,0.0005601724379934005,1.8115777061901975e-05,5.522243221743085e-06,3.5165919906126955,0.005023317824692829,-0.05933504160281451,0.00030126371889292844,-0.05201464021462944,-0.0018818286412353516,0.006176964615450015,0.0035982733550409575,-0.003839488084812286
0.6500000000000005,0.20336832153789985,-0.11223832108351812,0.001989723205401792,-0.0006853994393486064,-0.069808962207016,0.0005243701406086066,0.19218258882804848,0.0006013860484394038,2.0826769331189947e-05,5.296588566211344e-07,3.2311656099582304,0.00027333685760972293,0.016884881342940906,0.0005705181624876583,0.002696071666968537,9.503735761269477e-05,0.004338217349329655,0.0007649596414142264,-0.0009845886191084483
0.6600000000000005,0.24999999999999964,-0.07651165761476886,0.0020275176286055643,-0.0007441164906637889,-0.06981712746474161,0.0009824307846701384,0.19218584009801018,0.0006449223825526613,1.734712595218011e-05,1.9355613321241272e-06,3.8455285543920783,0.005646907509004793,-0.059415236620184164,-0.00023824861590731152,-0.055770807917697465,-0.0015691152500364805,0.005560614596409292,0.003454165007317182,-0.003653567483849547
0.6700000000000005,0.2938926261462368,-0.04080657307671535,0.002046966967885413,-0.0006025020243822806,-0.0698215896342504,0.0009322231882501442,0.19218542730509164,0.0006882650318409659,2.3221752695736143e-05,-5.819417898682536e-06,3.426823254095279,2.4268667618153393e-05,0.016864336890306076,0.000527154004204443,-0.0006727589953632649,0.00020360550999735483,0.004315851451761058,0.00047842334156383696,-0.0006590919344596215
0.6800000000000005,0.33456530317942923,-0.004394863448597721,0.002071223767077233,-0.0005307635051248358,-0.06982770853626707,0.0014608443435967897,0.19220420586150072,0.0007141232109173754,1.1099024052714523e-05,1.5331234685320313e-05,3.4205096103839012,-0.0010604325022071657,0.00798114093600448,0.0014120086453119928,-0.007964645748456699,0.005058644085837333,-0.0017988541972997717,-0.0015222013090009758,0.0029600648999499133
0.6900000000000005,0.37157241273869684,0.03314814158254828,0.002102081076549027,-0.0006053662753568526,-0.06983404448247468,0.0018299496377534442,0.19220987891501437,0.0007245384752536165,2.022417987116093e-05,1.6219861060799676e-05,4.024051816813446,0.0052536581369107774,-0.06060553245446636,-0.00023832941647919533,-0.0642112810022146,-0.0029803951580953973,0.0035213721204700992,0.004672319645713172,-0.003920810958925565
0.7000000000000005,0.4045084971874734,0.06773789758713612,0.0020932922694399557,-0.0003699515284559571,-0.06982782859628897,0.0017804499311063744,0.1922159038632055,0.0007161023273635977,1.5561293324560048e-05,2.5631584335206136e-05,3.082968697687887,-0.004886300884165931,0.0798413663475034,0.0011796923713877506,0.03470986394366664,0.003287038457873334,-0.003827426954560495,-0.003948485906503679,0.0042658655035716165
0.7100000000000005,0.4330127018922194,0.10250261243364212,0.0020929072413993716,-0.0004290835873774695,-0.06981870658209548,0.0015478767412267795,0.19219853742482385,0.0007254273266434813,2.5128847385802997e-05,1.751628764274737e-05,3.7395920536251674,0.0032398729396184295,-0.06306781211026437,0.0007161080108324206,-0.061918362026208845,-0.004983563352502355,0.004082903167608932,0.004245249773393807,-0.004197246327231248
0.7200000000000005,0.45677272882130043,0.1343163781553531,0.0020680943264520736,-0.00021395743783555253,-0.06980478802919242,0.0015227366216873303,0.19219705920064895,0.0007196888780096679,1.6592892769583954e-05,2.5491210900470838e-05,2.8099577932650868,-0.006279233967187629,0.0779110787231427,0.0018273295658100459,0.03707358930793145,0.0030999100080962728,-0.003684041496301301,-0.004244438693294505,0.004130311488713721
0.7300000000000005,0.47552825814757677,0.16641860807512227,0.0020548253194649126,-0.00029115246645767374,-0.06979815731078512,0.0013125042536146095,0.19218151923591215,0.0007295583697414767,2.4155740803838752e-05,1.618598014156317e-05,3.4777869086569635,0.002423805558745072,-0.06479851313454411,0.0009836793153043585,-0.05978783475083162,-0.004620637363040496,0.004097243758263405,0.004096710657976385,-0.004303696226198496
0.7400000000000005,0.48907380036690273,0.1956779431129242,0.0020194213966805083,-9.226279944523328e-05,-0.06979710999228315,0.0013076333830763275,0.19218382714762983,0.0007237875139741484,1.4581165656665917e-05,2.33722523005224e-05,2.5586964132715315,-0.006793618288306552,0.07635193606917541,0.0012773235093920254,0.03898681224036958,0.003514773476969088,-0.003694433133888882,-0.0043164372964385155,0.004061041682724062
0.7500000000000006,0.49726094768413664,0.22532880895797608,0.0020017204195599183,-0.0001840700741980681,-0.0697986641097817,0.0011156420537418875,0.19217190884221205,0.0007335145526751838,2.1634175341530297e-05,1.3625639611063474e-05,3.23663118490164,0.002316014832772672,-0.06619818498357057,0.0012897786679846581,-0.05803823963293274,-0.00428318766341171,0.00408079685267509,0.004059634458400536,-0.004335380412519998
0.7600000000000006,0.5,0.25223376905209355,0.001964111861817716,1.7010804018791406e-06,-0.06979393506838899,0.0011273478745240668,0.19217668524574932,0.0007276388674698614,1.183895317233875e-05,2.0635305131509792e-05,2.3270293693658965,-0.0070569996690367925,0.07509600351210814,0.0016664009216633994,0.040582561580697785,0.00370910356868134,-0.003700727918954913,-0.004329656325500685,0.004051014566288694
0.7700000000000006,0.4972609476841367,0.2757800368105786,0.0019064603786962404,6.439864270784376e-05,-0.06978250291481865,0.0010812770622815424,0.19217307438048842,0.0007243907865220764,1.8267412363519856e-05,1.1459266576587556e-05,2.2676228841883117,-0.005364068103302598,0.00643747658800398,0.001950876940351284,-0.005186083809469252,-0.001697932031525236,0.001230929804122651,0.001002445498191992,-0.0012735601849834148
0.7800000000000006,0.48907380036690273,0.29638122701093267,0.0018475590811368155,0.00014353016373200097,-0.06974699336811709,0.0010488448502226975,0.1921557901785514,0.0007507680175784009,2.4899353326479592e-05,2.1939163098565884e-06,1.9731084407247972,-0.005808594359851763,0.004984084669794275,0.003833183432676034,-0.005297297353148416,-0.001012133154338925,0.0027073785674918793,-7.282636221434685e-05,-0.0001847548418829201
0.7900000000000006,0.4755282581475768,0.3137189854071695,0.0017799602759012616,0.00022108783321749486,-0.06970312452066045,0.0010250714646978258,0.19214980493492412,0.0007845151869423663,2.6455763538283994e-05,-1.8399716592967186e-06,1.6569872411529063,-0.006415836359623831,0.0032977123826002383,0.004230156710785475,-0.005766452687893555,0.0003066080763715146,0.0028543104597347556,-0.0006176518638815257,0.0003767355066779446
0.8000000000000006,0.4567727288213004,0.32583193561991763,0.0016807197963347447,0.0003866892589688765,-0.06966672269224151,5.8376325805192597e-05,0.1921738255737321,0.0007766123974022996,1.2227119106196011e-05,1.0086803197558688e-05,0.8479248673402863,-0.01053032855091278,0.059769095240342504,0.0020875666484695874,0.08482496240000714,0.0027789726210206388,-0.002060893774654726,-0.0028531365427240983,0.0026301908111598243
0.8100000000000006,0.4330127018922196,0.3377168754515458,0.001618071275226934,0.00038211538302599464,-0.06966129292877647,-0.0010261181813027954,0.19217770635698078,0.0007709007322523408,4.366277980384237e-06,1.5827418346948242e-05,0.94840082847744,-0.008071317571414556,0.005018981876178753,0.00022014809750748405,-0.0904690465647296,0.0024126829165581985,-0.003162298813425069,-0.0024302890793093347,0.002225522359986252
0.8200000000000006,0.40450849718747384,0.34220095669151557,0.00153772063881038,0.0004983932044175994,-0.06965536084603971,0.0007294892178092306,0.1921764698977458,0.0007523059229618085,4.246152465967635e-06,1.400657753085623e-05,0.0987155328648367,-0.008623831423205509,0.05790082600103118,0.0007493171238375936,0.3434840746182162,0.0004240734462242343,-0.0025060655010552013,-0.0020449615741133143,0.0018578832014421063
0.8300000000000006,0.371572412738697,0.3458525665400112,0.0014756176745214166,0.0004917518336738627,-0.06965424175895434,0.0014265341921281844,0.1921729598845502,0.0007331653157891517,-3.419537956739414e-07,1.68255876394979e-05,0.26381689597877134,-0.006502652496957325,-0.0029034976776395527,0.0003622376926867615,-0.018565216564507974,-0.0003576169735068659,-0.002446526315271512,0.00040523360292680317,-0.0005754989450706032
0.8400000000000006,0.33456530317942945,0.34436543806844677,0.0013938454429229467,0.0006151656053964167,-0.06963154973601024,0.0003042902264609615,0.192167356780205,0.0007045606420750168,7.318125956979721e-07,1.414445881073344e-05,-0.4886134262572188,-0.008214797814285732,0.05587208083376191,0.0018458330010344304,0.06120000004248055,-0.0004065827857819039,-0.0027490264185102333,-0.0017740865996084191,0.001619550698524137
0.8500000000000006,0.2938926261462367,0.3395417577859437,0.0013366491584765596,0.0006010273391381985,-0.06961862421796661,0.00011134839293296288,0.1921490301564778,0.0006994173621197875,4.130766031208334e-06,9.28846673191298e-06,-0.4616160685788376,-0.004375147316657273,-0.00012492151242008906,0.0006679038817588163,-0.093043079505532,-0.0011146866668884307,-0.0004981428284824509,-0.0005403404651812227,0.00040036598188377987
0.8600000000000007,0.2499999999999999,0.3302825121363726,0.0012902124888082625,0.0006808179274652444,-0.0696116022747705,0.0017089363652684798,0.1921425221321649,0.0006959461427677769,2.9605120694528165e-06,9.14018739301827e-06,-1.251845581352674,-0.005407908794991658,0.0544600205029173,0.0006732792092483883,0.31941736305533336,0.0010789466475600454,-0.0014830095752008756,-0.0022414244156076604,0.0021148277995067
0.8700000000000007,0.20336832153790055,0.3181254063893926,0.001242770390506925,0.0006758674505088319,-0.06960563844190036,0.0019213405776475217,0.1921470194003651,0.0006896347446909686,3.192098609119347e-06,7.716909930633133e-06,-1.174368979270162,-0.0024217261866700587,-0.009872911288190286,-0.0005916920061332533,-0.021980972227664992,3.5126348708200514e-05,-0.00022015278319266235,-0.00032942723091057384,0.00021505977336148412
0.8800000000000007,0.1545084971874739,0.3024788887294656,0.00120543772918501,0.0007612657510363047,-0.06959957065088868,0.0012850001258835494,0.19215337344416233,0.000677728566739397,7.137194524799673e-07,9.119282891511569e-06,-1.8699102347273113,-0.004431606825475648,0.0617715833839286,0.000836245432849343,0.03483322042129433,0.002662462564662125,-0.002827483379515149,-0.003983466110699248,0.0038802330493572686
0.8900000000000007,0.10395584540888042,0.28344857582081134,0.0011857855484336296,0.000726135744987835,-0.06960071313709709,0.0012049670645598132,0.1921520456855105,0.0006820021618664204,2.9654028048282975e-06,5.8967225801365205e-06,-1.8373313886646412,0.0006743753068935718,-0.012680246632388053,-0.00163715866636001,-0.016837510301108048,0.0003046200375870358,0.00010670662494800608,-0.0009228077166317044,0.0008296836569127497
0.9000000000000007,0.052264231633826326,0.2613275914857532,0.001176454890466643,0.0007983091992061385,-0.06960471399588616,0.0006129801787772929,0.19216105238837683,0.0006716181175035592,-3.4920081407904063e-07,8.335758895942674e-06,-2.5071268574600074,-0.0017943516322138156,0.06053847198217738,-0.0001101297010537355,0.04066166287902048,0.0028661806099410103,-0.002749118739559949,-0.003998052792303605,0.003914083726464991
0.9100000000000007,1.8369701987210297e-16,0.23624713351143037,0.0011836788242457848,0.0007440708975952557,-0.06961675302398977,0.0005839739788869231,0.19216259967062832,0.0006735276546325063,1.7187834890501385e-07,7.025357657381847e-06,-2.418403756560708,0.0033679710098260393,-0.014677425601476455,-0.0028087711306584613,-0.012089671436538498,0.0005519335131634263,-0.0002840184001890628,-0.0010702868166618442,0.0009945993539668405
0.9200000000000007,-0.052264231633825965,0.20845403322070605,0.0011992522230207952,0.0008073219477701377,-0.06963072255472098,3.0729687052160495e-05,0.19217072360806162,0.000661613757856116,3.7237328249024434e-06,1.3988168573463792e-05,-3.06528566838084,0.0005668158404692038,0.059706667276112166,-0.0009707275788994451,0.045706943706370046,0.0026730006854324313,-0.002808115400118311,-0.0030721519668829612,0.00467926512323941
0.9300000000000007,-0.10395584540888006,0.17843267059394083,0.0012324454429592407,0.0007283822512085122,-0.06965494059170202,3.6890618395173455e-05,0.19217298038576305,0.000658478978465909,8.219091832182938e-06,2.0938076633632696e-05,-2.890877219907685,0.005840668634808435,-0.016065328191326608,-0.003941104198147104,-0.007903374398020996,0.0004966127179520596,-0.0007802292994916204,-0.0005870777935659845,0.0014663449715276733
0.9400000000000007,-0.15450849718747353,0.14602772718259352,0.0012691932890438557,0.0007872612236117884,-0.06967734868074399,-0.000481235235474622,0.19217813645728055,0.0006448495893904852,1.1110690429490148e-05,2.3890922322840945e-05,-3.519077383698669,0.0024868521770393982,0.0593149300848511,-0.0016286926716747733,0.0501946227334006,0.002348240044723098,-0.0028496462372306986,-0.0035335702193688943,0.003949728911254942
0.9500000000000007,-0.2033683215379002,0.11240393951042063,0.0013250139786514384,0.00067899786741257,-0.06971361392031894,-0.00045311956966783437,0.19218121187966208,0.0006349861800528958,8.538604178396192e-06,2.8774845797680844e-05,-3.232796557948414,0.007820103086824794,-0.016777137463209246,-0.0048926937945632035,-0.004044800293258956,0.000329922547352925,-0.001311119672820629,-0.000799190131945061,0.0009255119696348423
0.9600000000000007,-0.24999999999999958,0.07653293766550774,0.001378876145226322,0.0007389063181273372,-0.06974161366309727,-0.0003178398508605465,0.19218193912340142,0.0006239396930095906,1.0928479964386153e-05,2.6514729626808885e-05,-3.846044496996583,0.0033773750806813004,0.05978036934683534,-0.0013873948138039237,0.0486352105923797,0.0025046600860556233,-0.00307759009194268,-0.0036506111288150556,0.003600019159175293
0.9700000000000008,-0.2938926261462364,0.040826303686509406,0.0014491665463491872,0.0005982988073065762,-0.06978471647841268,-0.0003373856862815951,0.19218831037695,0.0006050480977397222,3.6889217888823917e-06,3.257983094520277e-05,-3.4269670828839556,0.008912251941369614,-0.016784023048067167,-0.005285764982575264,-0.006062753232261074,0.00014893339297797814,-0.0019027511026763909,-0.00063669247860945,0.00048241184862851476
0.9800000000000008,-0.3345653031794292,0.004284457115522031,0.00152225251506986,0.0005276492137235102,-0.06981633426785036,-0.0003185103761856307,0.19217177134809757,0.0006062726029390242,1.9149933552637988e-05,1.520658316510923e-05,-3.4192614257520915,0.01044874507809626,-0.007539449585051178,-0.0031895754791234606,-0.003930367788006782,-0.004340477301963807,0.003789002658835337,0.0020620807824275537,-0.0022729812680030996
0.9900000000000008,-0.3715724127386968,-0.03324522038921715,0.0015826985635276239,0.0006025975639921449,-0.06981916830065553,-0.0008181878904773478,0.19216912550920412,0.0006157800433996583,1.3886146973092312e-05,1.818254614055053e-05,-4.0232271950629945,0.0032709276806262497,0.060543992670622354,-0.0005921699723946609,0.05285082689601936,0.0030226887988271276,-0.0015695358854571151,-0.004441790319886929,0.004204209628878809
1.0000000000000007,-0.4045084971874736,-0.06782093183698674,0.0016709271121828396,0.0003673076268934605,-0.06983066789894164,-0.0008729897210640425,0.19216139716381644,0.0006433661408973479,1.9824627977706252e-05,9.808836818199377e-06,-3.0812043512686302,0.01235994600965615,-0.07980704212742734,-0.0014756487370534755,-0.04468836136892751,-0.003557660886319646,0.005707532022609054,0.004004308185287778,-0.004249863068777381
1.0100000000000007,-0.43301270189221935,-0.10257189518953434,0.0017296059531443952,0.00042649664748780074,-0.06983807026444687,-0.0007344161727358915,0.19217343078590857,0.0006524534350983446,9.768517520043038e-06,1.7422891145140418e-05,-3.7384250075195755,0.0015170037902000767,0.06305954713625325,-0.00022451824128306508,0.05289413690077098,0.004305054036824114,-0.002273421852422343,-0.004352981087413905,0.00411083229875165
1.0200000000000007,-0.45677272882130027,-0.13437006623841297,0.0017949060313424115,0.00021147767721958483,-0.06984332617392716,-0.000794039748948922,0.1921685488707227,0.0006754208691796498,1.6856608963784407e-05,7.970118612570656e-06,-2.8081998008157107,0.0098680493513681,-0.07789253109657002,-0.0007259893195249705,-0.04519958901461377,-0.003697025780184205,0.005349535414130671,0.0040809439023330365,-0.0043129686891253995
1.0300000000000007,-0.4755282581475767,-0.1664572142881381,0.0018286457557761206,0.0002887458777589292,-0.06984259671234079,-0.0006602309743406878,0.19217698683053697,0.0006816362591668584,7.271221557146478e-06,1.5315771601147462e-05,-3.4764015384686364,-0.000931053501442354,0.0647971533804094,0.0006015789109512982,0.05243878879258483,0.0038797918459247726,-0.0025293286911160185,-0.004318629153517601,0.004100360798620584
1.0400000000000007,-0.4890738003669027,-0.19570057279966765,0.0018704745669420899,8.994590951119788e-05,-0.06983997996495837,-0.0007242483238843951,0.1921680811236666,0.0007022682585630906,1.461126930492047e-05,5.885229700997027e-06,-2.5569928917627096,0.007604361634877816,-0.07634369189780044,2.6455443624425054e-05,-0.04562800810634317,-0.00406172043773685,0.005125549966467276,0.004102078625090872,-0.004304847675074469
1.0500000000000007,-0.4972609476841367,-0.22533618454730006,0.001883475704672749,0.0001817916404958787,-0.06983231287264621,-0.0005944851979641991,0.19217374561767017,0.000706300696124495,5.217773660422733e-06,1.3346939686603609e-05,-3.2352380737750184,-0.002877291269978202,0.066194697776736,0.0012536815948808633,0.052048587900285326,0.003660852760430832,-0.002744590948332591,-0.0043002170118665445,0.004113442463801577
1.0600000000000007,-0.5,-0.2522271086090816,0.0019073249287007603,-3.946139092352686e-06,-0.06982387359469626,-0.0006622660220790133,0.19216335357187436,0.0007248287286855988,1.2728317504390984e-05,4.063742724950591e-06,-2.325623672698861,0.0059040848322475265,-0.07509501355338444,0.0005631141638714887,-0.0459946572631197,-0.004168591734744765,0.004918467206242189,0.004118365398145099,-0.0042893566358483525
1.0700000000000007,-0.49726094768413676,-0.2757733523655995,0.0019325028279008932,-6.624339423791572e-05,-0.06982264967755795,-0.0006663476001264296,0.19215973838334832,0.0007401457696513766,4.084336083137113e-06,1.1088990659298085e-05,-2.2677007028241905,0.0016280313250738078,-0.006444555141938104,0.0005847826977871289,0.0003353430064454968,0.0009249336947742765,-5.225539843375763e-05,-0.0012251303217738507,0.0010692296298488127
1.0800000000000007,-0.48907380036690273,-0.29637533969892826,0.0019451135549657336,-0.00014550556226215785,-0.06981526931721983,-0.0006794962510963242,0.19216864194820688,0.0007251515593903134,-4.688004443104265e-06,1.8388284353780235e-05,-1.9731835870740657,0.00044922574182423695,-0.004994160969084021,0.0010553396828239371,0.0009379578204132722,0.00013113050031764563,-0.0015925549168615781,-0.00013353764258916296,-8.16548306592293e-06
1.0900000000000007,-0.4755282581475769,-0.3137138124133554,0.001949223778649881,-0.00022314364054027422,-0.069804593503464,-0.0006965764689970394,0.19216548561496705,0.0007022382726346746,-8.209249705046383e-06,2.057248108231316e-05,-1.657051181958132,-0.0005484436215935336,-0.0033000396167374934,0.0014322602750691399,0.0018609934076810608,-0.0012228636345779963,-0.0017954421522122404,0.00042963446978829645,-0.0005581447067990006
1.1000000000000008,-0.45677272882130043,-0.3258242614095642,0.001965095219948867,-0.0003882697487067703,-0.06979928767779636,0.0002056002734788901,0.19213181606870616,0.0007203896157526768,4.237147002163689e-06,6.914714645163094e-06,-0.8472744963801508,0.0024149604094101983,-0.05973203858497782,0.0031662626666282517,-0.09405324610202559,-0.003658286927678422,0.0030522934949189996,0.0026920355970245172,-0.002808394375850688
1.1100000000000008,-0.4330127018922196,-0.33769553832594845,0.0019335939539504219,-0.00038267687527676847,-0.06979911209414194,0.0011655013119357316,0.19211945507812853,0.0007356278273037308,1.0551249345583668e-05,-4.953395834071893e-07,-0.9481530413193578,-0.0011279310029879714,-0.004770765724488889,-0.00015377173964318072,0.07614670133385307,-0.0031475811336010608,0.004088049322880258,0.002305531997726401,-0.0024107506382158627
1.1200000000000008,-0.40450849718747384,-0.34229648461297607,0.0019276921697123498,-0.000519945387260133,-0.06980150351978502,-0.00013473882560978025,0.19210854238364572,0.000769573235699032,1.3701091212550167e-05,-4.635644428359098e-06,-0.15988685453077478,0.001325106267459004,-0.06862180894439565,-0.0027862606178417327,-0.046930817669823474,-0.0038773011352704386,0.006628084634501124,0.004163742227899232,-0.004258799627208879
1.1300000000000008,-0.37157241273869707,-0.3450698601813495,0.0019089915231770911,-0.0004863507060799977,-0.06978832830657357,-0.0001486568381341817,0.19211649164251238,0.0007982147338271727,8.363950044704913e-06,4.011395469591894e-08,-0.27135277846012695,-0.0035707453922289426,0.004088853802835153,0.0020519173679547195,0.0004771215831417226,0.0021673060736109545,0.001342888132214785,-0.0007290895909829125,0.000759792657214915
1.1400000000000008,-0.3345653031794295,-0.343657205114672,0.0018974304465293583,-0.0006098127942810811,-0.06979929363995711,0.0008108292908356165,0.1921227645513531,0.0008251276294632945,9.0475547858194e-06,-5.983522933799075e-07,0.48155482150807905,-0.0005262544363330828,-0.05593539939677149,-0.0010726628912992408,-0.0795914008773056,-0.0001340255542021506,0.0029907717211397726,0.0019057228018455647,-0.00191590415288047
1.1500000000000008,-0.29389262614623674,-0.33890114118280845,0.00187913105934527,-0.000595670165953215,-0.06978817704239283,0.00078950138404296,0.19213496767613683,0.0008347969162912666,5.900220933269561e-06,2.2923316111440596e-06,0.45511823224231934,-0.002914194982181612,0.00012902363296274366,0.00160312241402065,0.06969352217465916,0.0005248486695626803,0.001027722872876146,0.0005167336376550806,-0.000550934657943651
1.1600000000000008,-0.24999999999999994,-0.329703200903856,0.0018565226496872985,-0.0006757428376745327,-0.0697897405531466,-0.0010705088892690353,0.19213726468419703,0.0008437987045198154,6.55542673636694e-06,1.2092752874480764e-06,1.2459467906944677,-0.001051109420048723,-0.05453665022001211,-0.0006188031347662793,-0.3475990802285151,-0.0013683968045923667,0.002034487819433717,0.0021771951422866545,-0.0022245593467350765
1.1700000000000008,-0.2033683215379006,-0.31760424885681376,0.0018531543881560846,-0.0006744322433438628,-0.06979067380873344,-0.0014511718358635058,0.1921329521472079,0.0008535644822450732,4.715992320534548e-06,2.5332395368860253e-06,1.1688721039984953,-0.0018626090648774765,0.009623931423905864,0.0013417253622415386,0.016144276658958238,9.514587812468138e-05,0.00045150286675315455,0.00024024576918858412,-0.0002938583368659057
1.1800000000000008,-0.15450849718747395,-0.30201712091411,0.0018542738819299126,-0.0007602874520020213,-0.0698021846776007,-0.0008749784242186265,0.19212837946225336,0.0008685487943515499,6.880487793726722e-06,-1.815630241296043e-07,1.8635297756977018,0.0012942771294405173,-0.0618857084190752,-0.001714955336235933,-0.03976250944585638,-0.0024475742397287413,0.0031532453322083327,0.003934862260428308,-0.003990392387776142
1.1900000000000008,-0.10395584540888049,-0.28303216327039704,0.0018606940818874447,-0.0007259526756359659,-0.06979322692332685,-0.0008399364710670238,0.1921338650097439,0.0008673995361903785,4.14996993697272e-06,1.9964179813983706e-06,1.8330962108752686,-0.0015003624070571617,0.012680331840268472,0.0020868313959742273,0.0125944492834912,0.00017103732676662238,0.00019974712767801872,0.0008780627447709276,-0.0009328649223966483
1.2000000000000008,-0.05226423163382639,-0.26095544933420306,0.0018702635324609291,-0.0007982536625610639,-0.06979836346483531,-0.0002977804403938361,0.19213075203572005,0.0008805321240687322,6.8499630683932e-06,-1.2388370369097735e-06,2.502295365296699,0.0031841323315528556,-0.06064353021952895,0.0014549230980686642,-0.0447095381586238,-0.0022006795250281387,0.0029925154272265,0.003928689369819213,-0.003981214123268255
1.2100000000000009,-2.4492935982947064e-16,-0.23591124158850188,0.001884251678793062,-0.0007443676000196765,-0.06979233746673637,-0.0003046579508774289,0.19213649910379949,0.000880718245350598,5.794083365019509e-06,-6.899110691183785e-07,2.4150125332610823,-0.0007361696726541922,0.0147042369748584,0.0015299724060541938,0.008698472637290249,0.00018917235571227437,0.00047903751507960535,0.0010253406559494278,-0.00107473941120642
1.2200000000000009,0.0522642316338259,-0.20815307077522927,0.0019049229207464104,-0.000807643725281001,-0.06979859659407335,0.0002052679745580067,0.19213635257737022,0.0008942111865128076,1.2846111624154571e-05,2.9945009009433865e-06,3.0614207782563394,0.0031961614045867897,-0.05979405677841566,-0.001835949589375968,-0.048951714036548535,-0.0019479540491815954,0.0029389804176805498,0.004668582276656226,-0.0030416097939526187
1.2300000000000009,0.10395584540887913,-0.1781608221064542,0.001926194764544699,-0.0007287960804250365,-0.06980245901518563,0.00017050842269882664,0.19214250662105234,0.0008983658333456635,2.002900528976514e-05,7.443139483144371e-06,2.888149938431902,0.00012630770278159245,0.016101076957119466,0.0009231084565628956,0.005200275383914491,0.0003202117106038638,0.0008750024191555715,0.0014905164852842274,-0.0005934130587581648
1.2400000000000009,0.15450849718747262,-0.1457837267563093,0.0019595860745253916,-0.000787688409467888,-0.0698057011581353,0.0006507207758808075,0.19214585934407064,0.0009126293945553707,2.3021664972108392e-05,1.0462292716335619e-05,3.5159141136899437,0.0050981092341676375,-0.05940459181683386,0.0003050989065099095,-0.052871942090802634,-0.001555841366895224,0.0028884303819902007,0.003937746379323786,-0.0035055561401090823
1.2500000000000009,0.20336832153790013,-0.11218336854763486,0.001983248651292018,-0.0006793624966009437,-0.06980936620883056,0.0006001235104183309,0.19215074916841857,0.0009227080205557421,2.811067344058567e-05,7.835609098698415e-06,3.2306011996320465,0.00033952347372542336,0.01681948260221984,0.0005748851741624936,0.001918987669201596,0.0003952433563240202,0.001337918621759884,0.0009459194876276541,-0.0008051796111224884
1.260000000000001,0.2500000000000003,-0.0764622545544219,0.00202166765619836,-0.0007386730439622249,-0.06981749190855203,0.0010508421234504339,0.19215682039978507,0.0009378597747226151,2.580558649194314e-05,1.0405919518088368e-05,3.8449775939485824,0.005706887202224436,-0.05947148482729811,-0.00023451269786356596,-0.05647018288243327,-0.0012988484535017795,0.002826555572237548,0.003536263733767658,-0.0035738703581569943
1.270000000000001,0.29389262614623635,-0.04076196695420142,0.002041676525592327,-0.0005976223992461612,-0.06982191483402629,0.0009940208640153126,0.19215898868364467,0.0009553129853792744,3.20944847866682e-05,3.064488107665398e-06,3.4263650622212793,7.752592446097419e-05,0.01681141814032724,0.0005311558213699507,-0.0013067137505327249,0.0004529669174838538,0.001821105234499161,0.0004977056297866128,-0.0006403028095849649
1.280000000000001,0.3345653031794291,-0.004354706779294652,0.002066436093404508,-0.0005263735800468221,-0.06982799712977965,0.0015166451909624215,0.1921801093632055,0.0009575712456065504,1.465537012465344e-05,1.8701178479276296e-05,3.4200900053426317,-0.001012703422126636,0.007930711604617946,0.0014159295306767478,-0.008539602317037466,0.005284544636465681,-0.0040722505221035,-0.002348234429264598,0.0021478627392624455
1.290000000000001,0.37157241273869673,0.03318415888590233,0.0020977477553817173,-0.0006014094104079495,-0.0698343004320589,0.001880337661939955,0.19218789684060522,0.0009464809077728787,1.7614136565861458e-05,1.3553464337998387e-05,4.02364078822455,0.005297465032088664,-0.06064642817054354,-0.00023535090283332465,-0.06472642355186142,-0.0027775755540538506,0.0014497781800953506,0.004179013229024365,-0.004407118281897972
1.300000000000001,0.40450849718747356,0.0677697459665699,0.00208936091409675,-0.00036638632050297,-0.0698280501774995,0.0018259818797806795,0.1921958566213374,0.000918436970204951,9.380061034971499e-06,1.9441326578493492e-05,3.082548655404242,-0.004848341341170052,0.07980329188973061,0.0011833686118055981,0.03424299423064528,0.00347446131801346,-0.005716554569532779,-0.004227743815813394,0.003990721462771317
1.310000000000001,0.4330127018922189,0.10253033566839498,0.002089341234956338,-0.0004258692456694152,-0.0698188985437746,0.0015890242602321879,0.19218024987981305,0.0009098872035056155,1.703576386903763e-05,9.42374846167237e-06,3.739184414360868,0.0032754744535497702,-0.06310100348501833,0.0007186193571464196,-0.06233853015519053,-0.00481492327210442,0.0023611435252872777,0.004104391851707319,-0.004338853426390796
1.320000000000001,0.4567727288213002,0.13433999905895772,0.002064856883572785,-0.00021106188283948163,-0.06980495232387937,0.0015599185429727232,0.1921803818340142,0.0008878537845989023,7.631088443083232e-06,1.65359876318009e-05,2.809546325939208,-0.00624811019628659,0.07788007190076433,0.001830239387433747,0.03669228452329018,0.0032559555953098765,-0.005253888782354782,-0.004300668585019912,0.004075570575589738
1.330000000000001,0.475528258147577,0.16643819562649378,0.0020518883951611234,-0.0002885425484072243,-0.06979829768085903,0.0013461053822698531,0.19216630801804685,0.0008828702614274077,1.4978799555477165e-05,7.013651359525499e-06,3.4773888428125272,0.002453080962391695,-0.06482552691635922,0.0009856075566460883,-0.0601309817716245,-0.004480076010605553,0.002666575658753399,0.004094792170433762,-0.004306817255671849
1.340000000000001,0.48907380036690284,0.19569354645983042,0.0020167553723765713,-8.991242284013087e-05,-0.06979722726951883,0.001337995731331727,0.19216995837767972,0.0008635592502001021,5.581446528072553e-06,1.4379195380074575e-05,2.558298136830255,-0.006767998884609535,0.07632668557209647,0.0012796538881868652,0.038675387909820655,0.003644864479155932,-0.004998901057482997,-0.00428784298908413,0.00409070122405952
1.350000000000001,0.4972609476841367,0.22534051344064926,0.001999301884814083,-0.00018195220022748364,-0.06979876214074227,0.0011430799352858353,0.19215926220856144,0.0008609437166864368,1.3043078878564857e-05,5.038677305680391e-06,3.2362467414032303,0.002340099540163937,-0.06622016685306266,0.0012911974938946975,-0.058318485021508895,-0.004166044226182201,0.0028919086278884768,0.0041071828039318465,-0.004288884533520981
1.360000000000001,0.5,0.2522416419037937,0.001961916385669463,3.607684422609036e-06,-0.06979401588204563,0.0011521405847087526,0.19216515679720086,0.0008438157395930728,3.7774296830899437e-06,1.2579359199806615e-05,2.3266473525653106,-0.007035892376460614,0.07507544467524703,0.0016681446403625875,0.040328210126541114,0.0038174174336698596,-0.004784805901601915,-0.004273980416150712,0.00410756187292171
1.370000000000001,0.49726094768413676,0.27578699587781524,0.0019044919753713344,6.603080339934253e-05,-0.06978259056135348,0.0011036069648012357,0.19216257445169008,0.0008302877729354407,1.0783950768600026e-05,3.997094539578131e-06,2.2675507613797357,-0.005342165957020729,0.006419566508298568,0.0019508608505039403,-0.005415470723245675,-0.0015999059927999176,0.00024110095248647224,0.0010630279510446526,-0.001214805949306767
1.380000000000001,0.48907380036690296,0.29638751098739013,0.0018457928913681422,0.0001449985546720547,-0.06974707266666111,0.0010690211669397906,0.19214621629423015,0.0008473025256537689,1.802212555087349e-05,-4.675368187603474e-06,1.9730437424270235,-0.005789368091376067,0.004968482026104599,0.0038344420818798353,-0.005503890840283651,-0.0009229563528289449,0.0018057228920352688,-1.263993687001974e-05,-0.0001253462286776988
1.390000000000001,0.47552825814757715,0.3137246603090689,0.0017783715327933545,0.0002224095448768637,-0.06970319395576172,0.0010433028332485694,0.19214107906851233,0.0008725173728912882,2.016852129643167e-05,-8.123868101497066e-06,1.656928847531512,-0.0063987792709841815,0.003283704442498572,0.004231415959744005,-0.005953083842298825,0.0003883339347341971,0.00203247782134187,-0.0005596898864834352,0.00043453078120088537
1.400000000000001,0.45677272882130043,0.3258369923503225,0.0016792871776357939,0.0003878815159622734,-0.06966678485916604,7.483758953030244e-05,0.19216587221144255,0.0008568409176590873,6.501271096800399e-06,4.363517822688142e-06,0.8478618218859877,-0.01051540232201377,0.059756561660431404,0.0020881269650245243,0.08465288256455444,0.002853192799833027,-0.0028095170143338432,-0.002798429314274608,0.002685091859699679
1.410000000000001,0.4330127018922192,0.337721342072438,0.001616781629194467,0.00038318882093719785,-0.06966135044099914,-0.0010113034295626375,0.19217045271192668,0.0008440463394064597,-8.335260396292869e-07,1.0630764954659225e-05,0.9483518477881543,-0.008057603806255767,0.005006486475157605,0.00022059813402424387,-0.09063272498297206,0.0024803731776375628,-0.0038447170103308006,-0.002379499846629702,0.002277004685889836
1.420000000000001,0.4045084971874739,0.3422049118711224,0.0015365605385365643,0.0004993612812792354,-0.06965541111395174,0.0007427324590679529,0.1921698549245723,0.0008189947504537054,-4.651405773777709e-07,9.297517475510903e-06,0.09866345327059178,-0.00861141716553477,0.05789064900903981,0.0007502096408105936,0.3433313561236102,0.000485686264232153,-0.0031280610840866987,-0.0019977974273285783,0.0019051948628675246
1.430000000000001,0.3715724127386971,0.3458560886653556,0.0014745761342227978,0.0004926199801708127,-0.0696542824361109,0.0014383325600190809,0.19216692782987943,0.0007939673997594851,-4.605544290418137e-06,1.256658795958899e-05,0.26377980594098105,-0.006491049148791311,-0.002913739394346966,0.00036342479087920945,-0.01869262672895941,-0.00030132454035485044,-0.003013867987442276,0.00044825505488275074,-0.0005318577150456086
1.440000000000001,0.33456530317942956,0.3443685572428064,0.001392910181895962,0.0006159480855248971,-0.06963157906573657,0.00031492961243596786,0.19216185605055627,0.0007599951167027291,3.0565193527138694e-06,1.6244768549832156e-05,-0.4886544506741327,-0.008204858156363659,0.05586384397983017,0.001846232835822233,0.06108729218668779,-0.0003554688398651421,-0.003265989910250623,-0.0008363868482403562,0.002570660243443269
1.450000000000001,0.2938926261462368,0.33954457160680335,0.0013358094144129563,0.0006017310658793779,-0.06961864970496998,0.00012087878947165221,0.19214401374187962,0.0007499593351995705,1.3280894914316571e-05,1.836588500102894e-05,-0.4616449492455601,-0.004365926784517358,-0.0001322651382635459,0.0006683430900002568,-0.0931509526869535,-0.0010680119109848468,-0.0009694006064148377,-1.3664776802469608e-06,0.0009493528084524168
1.460000000000001,0.2500000000000008,0.3302850286162204,0.001289459198544538,0.0006814531364000052,-0.06961162262240467,0.00171743574768419,0.1921379485221808,0.0007420288442482743,1.5891461852959046e-05,2.204989377776233e-05,-1.2518757500614863,-0.005399649141065717,0.05445336435020662,0.0006738387506605719,0.31931738118327596,0.0011217438377008463,-0.001912586158926594,-0.001955901335218751,0.002403546003318836
1.470000000000001,0.20336832153790066,0.3181276760999056,0.0012420959502899957,0.000676437197920723,-0.0696056524248336,0.0019289542396985677,0.19214285240216514,0.0007316500373155848,1.794920261805459e-05,2.2470043755525536e-05,-1.1743923644150511,-0.0024140457788413704,-0.009878987508148415,-0.0005909807808995515,-0.022059151874832567,7.414867185866318e-05,-0.0006120291375666612,-0.0002054809397020704,0.00033998992910904443
1.480000000000001,0.15450849718747314,0.30248091465144084,0.001204833111359957,0.0007617799158296485,-0.0695995807567948,0.0012918795962253142,0.19214957537444097,0.0007160359900100441,1.6067330739930656e-05,2.4472791492529936e-05,-1.8699349713471203,-0.00442498569723632,0.06176617146016264,0.0008364661553327238,0.03476275032947147,0.002698085850442032,-0.0031846924134677334,-0.003960381534169648,0.00390382477462046
1.490000000000001,0.10395584540887967,0.2834504041786835,0.00118524424688487,0.0007265984650767261,-0.06960072094206797,0.0012111834545767604,0.19214858448191605,0.0007169282608144149,1.816019661484802e-05,2.1092658982734633e-05,-1.8373501147225526,0.0006805101583362738,-0.012685041747791387,-0.0016368945102270935,-0.016901026956880436,0.0003369149728663765,-0.00021897985510054653,-0.0009605304902197044,0.0007920681001741276
1.500000000000001,0.05226423163382645,0.2613292267445985,0.0011759700139406862,0.0007987269299241816,-0.06960472044298306,0.0006185979433912793,0.19215789725135168,0.0007034622190853292,1.4242000642123851e-05,2.2928146592565416e-05,-2.507146364736526,-0.0017889769197357505,0.060534083539601546,-0.00011005328852317295,0.04060413512735406,0.0028957582767132357,-0.00304605198067375,-0.0040709193769800905,0.0038414631258553503
1.5100000000000011,3.061616997868383e-16,0.23624860964748848,0.0011832452801712726,0.0007444471011376223,-0.06961675838690745,0.0005890505485791144,0.19215972407896934,0.0007025610181704851,1.3914429606663797e-05,2.076930826095135e-05,-2.4184188614981585,0.0033729431586925545,-0.014681308421363113,-0.0028086235180753774,-0.012141523854746044,0.0005787193318930796,-0.0005547442883451534,-0.0011614944734542033,0.000903440192395585
1.5200000000000011,-0.05226423163382584,0.20845535353096156,0.00119886450096089,0.0008076616364977376,-0.06963072733241597,3.5316347089220834e-05,0.19216810210414206,0.0006880850110470737,1.0782119677084778e-05,2.1258446762768343e-05,-3.0653012208017962,0.0005711262949632118,0.059703133724358565,-0.0009706809582137599,0.04566002125277274,0.0026975266791691693,-0.0030549613179006105,-0.004002782272443819,0.003736370052367808
1.5300000000000011,-0.10395584540887907,0.17843386264630082,0.0012320990091312476,0.0007286883711077172,-0.06965494464409547,4.103564170918221e-05,0.19217059046298843,0.0006826138569257288,8.301654650861316e-06,2.109129032206256e-05,-2.890889411777969,0.0058446769789402804,-0.01606848099128188,-0.00394100238547009,-0.007945705740366127,0.0005188113861191938,-0.001005262482450628,-0.0011532682230867993,0.0008908466940299672
1.5400000000000011,-0.15450849718747256,0.14602879456306508,0.0012688836663211592,0.0007875376481833199,-0.06967735239805829,-0.0004774891381582679,0.19217595736801057,0.0006668547320409749,7.014810259916712e-06,1.9816886923447088e-05,-3.5190899041057797,0.002490354034522989,0.05931203310802741,-0.0016286882837108626,0.05015627161488073,0.002368637493052348,-0.003054845584096838,-0.003865920132950283,0.003614690625311787
1.5500000000000012,-0.2033683215379009,0.11240490331572554,0.001324737836260068,0.00067924707289233,-0.06971361727322756,-0.0004497340696036793,0.19217922493944087,0.0006550494033925773,2.082112168036556e-06,2.232584932359242e-05,-3.232806407649732,0.007823337705484682,-0.016779694839520333,-0.004892625259291743,-0.004079363101583008,0.0003483421019417642,-0.001498158730125702,-0.0009799968782122687,0.0007438764639404834
1.5600000000000012,-0.24999999999999947,0.07653380141311238,0.0013786297296264833,0.0007391313765250582,-0.06974161618146266,-0.00031477996813855186,0.19218012752913047,0.0006422324084410834,3.279172901481315e-06,1.886825972307743e-05,-3.846054541622296,0.0033801401986334,0.05977801433993454,-0.001387433333311921,0.04860389872475722,0.0025216399353090307,-0.003248182490201719,-0.003734845769249545,0.0035156389855828894
1.5700000000000012,-0.2938926261462363,0.04082708375574336,0.001448946829662388,0.0005985018266850777,-0.06978471905078674,-0.00033462019591040356,0.19218665810303043,0.0006217268332640708,-4.416334441076524e-06,2.4476324543368963e-05,-3.426975051229294,0.008914836090342916,-0.01678610215112916,-0.005285738746892358,-0.006090980786719251,0.0001642125798112261,-0.0020582028469617415,-0.0006604035888752156,0.00045862890975620265
1.5800000000000012,-0.33456530317942906,0.004285158127110618,0.0015220566742946437,0.0005278325681983011,-0.0698163364452407,-0.0003160107833392761,0.19217026463498296,0.0006214797034924713,1.1044088564973014e-05,7.101453744966339e-06,-3.419268677039195,0.010451017637778153,-0.00754136985222266,-0.0031896538409133127,-0.003955909609936137,-0.00432644031958327,0.003647198451561937,0.002075256120702691,-0.0022598931427997627
1.5900000000000012,-0.3715724127386973,-0.03324459317081918,0.0015825236782106148,0.0006027631467172261,-0.06981917142486445,-0.0008159287653261614,0.19216775269241262,0.0006296449047350964,6.050653554132853e-06,1.0347588678413236e-05,-4.023234568950964,0.003272926507909772,0.06054226069912187,-0.0005922543150595207,0.05282770478777761,0.003035636755306931,-0.0016988518033467861,-0.00440717573073054,0.004238927357173803
1.6000000000000012,-0.404508497187473,-0.06782037297316335,0.0016707714017175988,0.00036745732004305376,-0.06983067206188527,-0.0008709476192901612,0.19216014593151567,0.0006560073256958478,1.2412203392354492e-05,2.3967104349889785e-06,-3.0812108542235244,0.01236180668032558,-0.07980854104655184,-0.0014757627342848034,-0.044709153656236414,-0.003546013347084864,0.005589655883903075,0.004050703688458064,-0.004203571204985695
1.6100000000000012,-0.43301270189221885,-0.10257140169851249,0.0017294673207217017,0.00042663184764253615,-0.06983807520718384,-0.0007325704417018845,0.1921722905204105,0.000663978882334366,2.8559092217675782e-06,1.051073848095912e-05,-3.738431554975765,0.0015186138575656455,0.06305813163880446,-0.00022457363062566935,0.052875246988434224,0.004315790926746747,-0.002380921924531371,-0.004301259505433721,0.004162642240025756
1.6200000000000012,-0.4567727288213002,-0.1343696339066913,0.0017947827446301258,0.00021159988717858792,-0.06984333178241503,-0.0007923713419881525,0.1921675093211444,0.0006859290540959648,1.047318867619182e-05,1.5869471121142773e-06,-2.8082056497747963,0.009869533822695514,-0.07789375663778934,-0.0007260621283222594,-0.045216577678791225,-0.0036873807139133977,0.0052515408018647645,0.004134253870694479,-0.004259745620021569
1.6300000000000012,-0.4755282581475767,-0.1664568406927972,0.0018285360494039195,0.00028885624215155596,-0.06984260274553718,-0.0006587230157410285,0.19217603917452122,0.0006912168792552885,1.4165841619156152e-06,9.461510628383054e-06,-3.4764074177079887,-0.000929775546793488,0.06479599669717793,0.0006015550481916768,0.052423354375474934,0.003888684476001383,-0.0026186984512299727,-0.004266277094883622,0.004152786180627635
1.6400000000000012,-0.4890738003669028,-0.19570025448503395,0.0018703770333477845,9.00456574177197e-05,-0.06983998633449552,-0.000722885248241415,0.19216721691923747,0.000711003200158255,9.267768194865058e-06,5.419322405679177e-07,-2.556998201944391,0.007605538915981315,-0.07634469358270647,2.6416141622656662e-05,-0.04564188849317877,-0.004053725622041068,0.005044085823342479,0.004152227841662895,-0.004254770765976957
1.6500000000000012,-0.4972609476841367,-0.2253359194644814,0.0018833889291136777,0.00018188170921962322,-0.06983231939739157,-0.0005932532165085013,0.19217295764061829,0.0007142645640438994,3.5760914632701116e-07,8.487085013005094e-06,-3.235243396666844,-0.002876279612755406,0.06619375279157004,0.0012536805715427641,0.05203597709956054,0.0036682332387348877,-0.002818881534777531,-0.004253160464771033,0.0041605600123017766
1.6600000000000013,-0.5,-0.2522268938619322,0.0019072477936519284,-3.864744862874168e-06,-0.06982388022132058,-0.0006611524154934774,0.19216263490678287,0.0007320896232294776,8.318978387976876e-06,-3.4543003257501065e-07,-2.325628526188725,0.005905017512237628,-0.07509583206861097,0.0005630985613565012,-0.04600599787966045,-0.004161948325473049,0.004850750709078378,0.0041621030782149505,-0.0042456790711330825
1.6700000000000013,-0.49726094768413676,-0.2757731596456667,0.001932434524429574,-6.617062192601237e-05,-0.06982265644352624,-0.0006653416859776681,0.19215908298793458,0.0007467655718716048,1.0316882493206865e-06,8.072744825138713e-06,-2.2677026703199066,0.0016288549345460828,-0.006445297604457776,0.0005847800971929744,0.00032508219632420025,0.0009310051900274622,-0.00011400084637983162,-0.0010407803614831963,0.0012514533165441798
1.6800000000000013,-0.48907380036690296,-0.296375165523431,0.0019450528699903407,-0.0001454398121311507,-0.06981527602300822,-0.0006785870092856778,0.19216804372925228,0.0007311872860663699,-6.314764248256126e-06,1.677375662972344e-05,-1.9731853697429527,0.0004499483372430156,-0.004994837665614771,0.001055350687749007,0.0009286735877237766,0.00013663936878025723,-0.0016488164094335509,-1.55878974454185e-05,0.00010818038184547314
1.6900000000000013,-0.4755282581475769,-0.3137136550054131,0.0019491698181621857,-0.0002230842456451396,-0.06980460006182743,-0.000695754622288609,0.19216493947510888,0.0007077416812698083,-8.93506111085349e-06,1.9850594830703138e-05,-1.6570527936336195,-0.000547805847042066,-0.003300651546108168,0.0014322790269768301,0.0018526010639486512,-0.0012178314468493084,-0.0018467262244896494,0.0005036934679478689,-0.00048458040997604717
1.7000000000000013,-0.4567727288213005,-0.3258241176369512,0.0019650471512511368,-0.00038821609998101645,-0.06979929398897342,0.00020634443686142091,0.1921313177103411,0.0007254076547990703,1.4594495609883096e-05,1.7018203279973416e-05,-0.847276016470975,0.0024155806193845476,-0.059732594113976106,0.003166258156740056,-0.094061042884722,-0.0036536206493014024,0.0030055156510671965,0.0038213275793722206,-0.0016528896202301418
1.7100000000000013,-0.4330127018922192,-0.3376954095494941,0.0019335512978550127,-0.00038262841306331157,-0.06979911819665227,0.0011661717642196122,0.19211900096793916,0.0007402031902258137,2.900705475576805e-05,1.788112687303076e-05,-0.948154380415381,-0.0011274256854418407,-0.004771270154775062,-0.0001537467186440032,0.07613964099639128,-0.0031433291446393854,0.004045404201309489,0.0029329438684795525,-0.0017726079021762387
1.7200000000000013,-0.4045084971874734,-0.3422963683691588,0.0019276541710803925,-0.0005199015925303835,-0.06980150929275958,-0.00013413434221684178,0.192108128557317,0.0007737450042860068,3.6389001484570286e-05,1.8028421711848287e-05,-0.15988806350485563,0.001325556707087271,-0.0686222539230821,-0.0027862236202888173,-0.04693702751290456,-0.0038734337226434493,0.00658920063958015,0.004469990497114025,-0.003949332958411538
1.7300000000000013,-0.37157241273869773,-0.3450697551681208,0.0019089576219754704,-0.0004863111762176398,-0.06978833365265628,-0.00014811050534450866,0.19211611468445172,0.0008020183838660133,3.2710214498664026e-05,2.436764365418154e-05,-0.27135385021541375,-0.0035703603766314975,0.004088451512504433,0.0020519764948146385,0.0004715515918110301,0.002170854189086926,0.0013074238473212566,-0.0006810265392293976,0.0008030108518198688
1.7400000000000013,-0.33456530317942956,-0.34365711030640844,0.0018974002120152914,-0.0006097770788736205,-0.06979929856520205,0.0008113227021434285,0.1921224209833588,0.00082859569430947,3.320097288757561e-05,2.3546686131922577e-05,0.48155382854114454,-0.0005259059749019752,-0.0559357610759494,-0.001072624173905453,-0.0795964892224374,-0.0001308153259109799,0.002958443733996921,0.0018504318548177852,-0.0019701067684115624
1.7500000000000013,-0.29389262614623685,-0.33890105553276373,0.0018791040335465999,-0.0005956379269242912,-0.06978818160193177,0.0007899464326517891,0.19213465448847578,0.0008379590276781724,2.9128443961638336e-05,2.5518054522272217e-05,0.45511735475081017,-0.0029138914152313272,0.0001286907956387657,0.0016031552425966452,0.06968884687863347,0.0005277741168352081,0.0009982462067384284,0.0004038372235719306,-0.0006634898177299445
1.7600000000000013,-0.25000000000000006,-0.3297031236833626,0.0018564984741563496,-0.0006757137115914051,-0.06978974475862705,-0.0010701079618333088,0.19213697913671302,0.0008466818462533023,2.8453785476168852e-05,2.3106894782682053e-05,1.2459459672375814,-0.0010508357942684548,-0.05453694560805816,-0.0006187670248801108,-0.3476033238702107,-0.001365740373937953,0.002007612335423538,0.0020336640263792214,-0.002368000029311024
1.7700000000000014,-0.20336832153790152,-0.31760417912386746,0.0018531328091967,-0.000674405984701499,-0.06979067753955662,-0.0014508101797471998,0.19213269172971179,0.000856193256990266,2.5087423271313936e-05,2.29045048655453e-05,1.168871385486424,-0.0018623625150653738,0.009623655707632885,0.0013417811207901815,0.016140575717984038,9.757654489558188e-05,0.0004269911436168603,8.324599567414152e-05,-0.0004508257564167797
1.7800000000000014,-0.1545084971874732,-0.3020170580480404,0.001854254562043829,-0.0007602637323449458,-0.06980218802182094,-0.0008746516268269687,0.1921281419859542,0.0008709456046282945,2.5658871501492002e-05,1.85967951669754e-05,1.8635290990159985,0.0012944928026402923,-0.06188594817450328,-0.0017149222258752072,-0.03976583984261915,-0.0024453699800702448,0.003130899286311704,0.003775126321059033,-0.004150136640693325
1.7900000000000014,-0.10395584540887887,-0.28303210649739446,0.0018606767487256118,-0.0007259312835774184,-0.06979323000295125,-0.000839641117609938,0.19213364844139788,0.0008695848686950067,2.1349444702127687e-05,1.9195932632473177e-05,1.833095626206119,-0.0015001746278378312,0.01268010774531805,0.00208685809809518,0.012591429038190358,0.0001730617728912016,0.00017936868615395885,0.0007220611841881792,-0.001088867856699373
1.8000000000000014,-0.052264231633827395,-0.2609553981774902,0.0018702479801130528,-0.0007982343404000153,-0.06979836627876608,-0.0002975135622875273,0.19213055458521144,0.0008825246060498713,2.253212494931728e-05,1.4443354109894316e-05,2.502294808964998,0.0031843025067950902,-0.06064372574677887,0.0014549462010409774,-0.04471225825917523,-0.002198842568591264,0.002973937261289198,0.0037801693630794084,-0.004129748157877977
